▸ Cleaning build directory
▸ Archiving (Release)
Command line invocation:
    /Applications/Xcode.app/Contents/Developer/usr/bin/xcodebuild -project MisiCopy.xcodeproj -scheme MisiCopy -configuration Release -archivePath /Users/matthieumisiraca/Desktop/MisiCopy/build/MisiCopy.xcarchive -destination generic/platform=macOS CODE_SIGN_STYLE=Manual "CODE_SIGN_IDENTITY=Developer ID Application: matthieu misiraca (SM6L2XLUBA)" DEVELOPMENT_TEAM=SM6L2XLUBA "PROVISIONING_PROFILE_SPECIFIER=MisiCopy Developer ID" "OTHER_CODE_SIGN_FLAGS=--timestamp --options=runtime" archive

Build settings from command line:
    CODE_SIGN_IDENTITY = Developer ID Application: matthieu misiraca (SM6L2XLUBA)
    CODE_SIGN_STYLE = Manual
    DEVELOPMENT_TEAM = SM6L2XLUBA
    OTHER_CODE_SIGN_FLAGS = --timestamp --options=runtime
    PROVISIONING_PROFILE_SPECIFIER = MisiCopy Developer ID

Resolve Package Graph


Resolved source packages:
  Sparkle: https://github.com/sparkle-project/Sparkle @ 2.9.2

note: Using codesigning identity override: Developer ID Application: matthieu misiraca (SM6L2XLUBA)
ComputePackagePrebuildTargetDependencyGraph

Prepare packages

CreateBuildRequest

SendProjectDescription

CreateBuildOperation

ComputeTargetDependencyGraph
note: Building targets in dependency order
note: Target dependency graph (2 targets)
    Target 'MisiCopy' in project 'MisiCopy'
        ➜ Explicit dependency on target 'Sparkle' in project 'Sparkle'
    Target 'Sparkle' in project 'Sparkle' (no dependencies)

GatherProvisioningInputs

CreateBuildDescription

ExecuteExternalTool /Applications/Xcode.app/Contents/Developer/Toolchains/XcodeDefault.xctoolchain/usr/bin/clang -v -E -dM -isysroot /Applications/Xcode.app/Contents/Developer/Platforms/MacOSX.platform/Developer/SDKs/MacOSX26.5.sdk -x c -c /dev/null

ExecuteExternalTool /Applications/Xcode.app/Contents/Developer/usr/bin/actool --version --output-format xml1

ExecuteExternalTool /Applications/Xcode.app/Contents/Developer/Toolchains/XcodeDefault.xctoolchain/usr/bin/swiftc --version

ExecuteExternalTool /Applications/Xcode.app/Contents/Developer/Toolchains/XcodeDefault.xctoolchain/usr/bin/ld -version_details

Build description signature: db1747bc08a317448791ae213e373838
Build description path: /Users/matthieumisiraca/Library/Developer/Xcode/DerivedData/MisiCopy-ejbrxwynvlcuzmaseszgazwfdqpc/Build/Intermediates.noindex/ArchiveIntermediates/MisiCopy/IntermediateBuildFilesPath/XCBuildData/db1747bc08a317448791ae213e373838.xcbuilddata
CreateBuildDirectory /Users/matthieumisiraca/Library/Developer/Xcode/DerivedData/MisiCopy-ejbrxwynvlcuzmaseszgazwfdqpc/Build/Intermediates.noindex/ArchiveIntermediates/MisiCopy/InstallationBuildProductsLocation
    cd /Users/matthieumisiraca/Desktop/MisiCopy/MisiCopy.xcodeproj
    builtin-create-build-directory /Users/matthieumisiraca/Library/Developer/Xcode/DerivedData/MisiCopy-ejbrxwynvlcuzmaseszgazwfdqpc/Build/Intermediates.noindex/ArchiveIntermediates/MisiCopy/InstallationBuildProductsLocation

ClangStatCache /Applications/Xcode.app/Contents/Developer/Toolchains/XcodeDefault.xctoolchain/usr/bin/clang-stat-cache /Applications/Xcode.app/Contents/Developer/Platforms/MacOSX.platform/Developer/SDKs/MacOSX26.5.sdk /Users/matthieumisiraca/Library/Developer/Xcode/DerivedData/SDKStatCaches.noindex/macosx26.5-25F70-e082c4a02f00227109f4ed75e425c832.sdkstatcache
    cd /Users/matthieumisiraca/Desktop/MisiCopy/MisiCopy.xcodeproj
    /Applications/Xcode.app/Contents/Developer/Toolchains/XcodeDefault.xctoolchain/usr/bin/clang-stat-cache /Applications/Xcode.app/Contents/Developer/Platforms/MacOSX.platform/Developer/SDKs/MacOSX26.5.sdk -o /Users/matthieumisiraca/Library/Developer/Xcode/DerivedData/SDKStatCaches.noindex/macosx26.5-25F70-e082c4a02f00227109f4ed75e425c832.sdkstatcache

CreateBuildDirectory /Users/matthieumisiraca/Library/Developer/Xcode/DerivedData/MisiCopy-ejbrxwynvlcuzmaseszgazwfdqpc/Build/Intermediates.noindex/ArchiveIntermediates/MisiCopy/BuildProductsPath
    cd /Users/matthieumisiraca/Desktop/MisiCopy/MisiCopy.xcodeproj
    builtin-create-build-directory /Users/matthieumisiraca/Library/Developer/Xcode/DerivedData/MisiCopy-ejbrxwynvlcuzmaseszgazwfdqpc/Build/Intermediates.noindex/ArchiveIntermediates/MisiCopy/BuildProductsPath

CreateBuildDirectory /Users/matthieumisiraca/Library/Developer/Xcode/DerivedData/MisiCopy-ejbrxwynvlcuzmaseszgazwfdqpc/Build/Intermediates.noindex/ArchiveIntermediates/MisiCopy/IntermediateBuildFilesPath
    cd /Users/matthieumisiraca/Desktop/MisiCopy/MisiCopy.xcodeproj
    builtin-create-build-directory /Users/matthieumisiraca/Library/Developer/Xcode/DerivedData/MisiCopy-ejbrxwynvlcuzmaseszgazwfdqpc/Build/Intermediates.noindex/ArchiveIntermediates/MisiCopy/IntermediateBuildFilesPath

SignatureCollection /Users/matthieumisiraca/Library/Developer/Xcode/DerivedData/MisiCopy-ejbrxwynvlcuzmaseszgazwfdqpc/Build/Intermediates.noindex/ArchiveIntermediates/MisiCopy/BuildProductsPath/Release/Sparkle.xcframework-macos.signature
    cd /Users/matthieumisiraca/Desktop/MisiCopy/MisiCopy.xcodeproj
    builtin-collectSignature --input /Users/matthieumisiraca/Library/Developer/Xcode/DerivedData/MisiCopy-ejbrxwynvlcuzmaseszgazwfdqpc/SourcePackages/artifacts/sparkle/Sparkle/Sparkle.xcframework --output /Users/matthieumisiraca/Library/Developer/Xcode/DerivedData/MisiCopy-ejbrxwynvlcuzmaseszgazwfdqpc/Build/Intermediates.noindex/ArchiveIntermediates/MisiCopy/BuildProductsPath/Release/Sparkle.xcframework-macos.signature --info platform macos --info library Sparkle.framework

CreateBuildDirectory /Users/matthieumisiraca/Library/Developer/Xcode/DerivedData/MisiCopy-ejbrxwynvlcuzmaseszgazwfdqpc/Build/Intermediates.noindex/ArchiveIntermediates/MisiCopy/IntermediateBuildFilesPath/SwiftExplicitPrecompiledModules
    cd /Users/matthieumisiraca/Desktop/MisiCopy/MisiCopy.xcodeproj
    builtin-create-build-directory /Users/matthieumisiraca/Library/Developer/Xcode/DerivedData/MisiCopy-ejbrxwynvlcuzmaseszgazwfdqpc/Build/Intermediates.noindex/ArchiveIntermediates/MisiCopy/IntermediateBuildFilesPath/SwiftExplicitPrecompiledModules

CreateBuildDirectory /Users/matthieumisiraca/Library/Developer/Xcode/DerivedData/MisiCopy-ejbrxwynvlcuzmaseszgazwfdqpc/Build/Intermediates.noindex/ArchiveIntermediates/MisiCopy/IntermediateBuildFilesPath/ExplicitPrecompiledModules
    cd /Users/matthieumisiraca/Desktop/MisiCopy/MisiCopy.xcodeproj
    builtin-create-build-directory /Users/matthieumisiraca/Library/Developer/Xcode/DerivedData/MisiCopy-ejbrxwynvlcuzmaseszgazwfdqpc/Build/Intermediates.noindex/ArchiveIntermediates/MisiCopy/IntermediateBuildFilesPath/ExplicitPrecompiledModules

CreateBuildDirectory /Users/matthieumisiraca/Library/Developer/Xcode/DerivedData/MisiCopy-ejbrxwynvlcuzmaseszgazwfdqpc/Build/Intermediates.noindex/ArchiveIntermediates/MisiCopy/BuildProductsPath/Release
    cd /Users/matthieumisiraca/Desktop/MisiCopy/MisiCopy.xcodeproj
    builtin-create-build-directory /Users/matthieumisiraca/Library/Developer/Xcode/DerivedData/MisiCopy-ejbrxwynvlcuzmaseszgazwfdqpc/Build/Intermediates.noindex/ArchiveIntermediates/MisiCopy/BuildProductsPath/Release

CreateBuildDirectory /Users/matthieumisiraca/Library/Developer/Xcode/DerivedData/MisiCopy-ejbrxwynvlcuzmaseszgazwfdqpc/Build/Intermediates.noindex/ArchiveIntermediates/MisiCopy/IntermediateBuildFilesPath/EagerLinkingTBDs/Release
    cd /Users/matthieumisiraca/Desktop/MisiCopy/MisiCopy.xcodeproj
    builtin-create-build-directory /Users/matthieumisiraca/Library/Developer/Xcode/DerivedData/MisiCopy-ejbrxwynvlcuzmaseszgazwfdqpc/Build/Intermediates.noindex/ArchiveIntermediates/MisiCopy/IntermediateBuildFilesPath/EagerLinkingTBDs/Release

WriteAuxiliaryFile /Users/matthieumisiraca/Library/Developer/Xcode/DerivedData/MisiCopy-ejbrxwynvlcuzmaseszgazwfdqpc/Build/Intermediates.noindex/ArchiveIntermediates/MisiCopy/IntermediateBuildFilesPath/MisiCopy.build/Release/MisiCopy-cbd286a72b0ae005411beddeac9a8b11-VFS/all-product-headers.yaml
    cd /Users/matthieumisiraca/Desktop/MisiCopy/MisiCopy.xcodeproj
    write-file /Users/matthieumisiraca/Library/Developer/Xcode/DerivedData/MisiCopy-ejbrxwynvlcuzmaseszgazwfdqpc/Build/Intermediates.noindex/ArchiveIntermediates/MisiCopy/IntermediateBuildFilesPath/MisiCopy.build/Release/MisiCopy-cbd286a72b0ae005411beddeac9a8b11-VFS/all-product-headers.yaml

CreateBuildDirectory /Users/matthieumisiraca/Library/Developer/Xcode/DerivedData/MisiCopy-ejbrxwynvlcuzmaseszgazwfdqpc/Build/Intermediates.noindex/ArchiveIntermediates/MisiCopy/BuildProductsPath/Release/PackageFrameworks
    cd /Users/matthieumisiraca/Desktop/MisiCopy/MisiCopy.xcodeproj
    builtin-create-build-directory /Users/matthieumisiraca/Library/Developer/Xcode/DerivedData/MisiCopy-ejbrxwynvlcuzmaseszgazwfdqpc/Build/Intermediates.noindex/ArchiveIntermediates/MisiCopy/BuildProductsPath/Release/PackageFrameworks

ProcessXCFramework /Users/matthieumisiraca/Library/Developer/Xcode/DerivedData/MisiCopy-ejbrxwynvlcuzmaseszgazwfdqpc/SourcePackages/artifacts/sparkle/Sparkle/Sparkle.xcframework /Users/matthieumisiraca/Library/Developer/Xcode/DerivedData/MisiCopy-ejbrxwynvlcuzmaseszgazwfdqpc/Build/Intermediates.noindex/ArchiveIntermediates/MisiCopy/BuildProductsPath/Release/Sparkle.framework macos
    cd /Users/matthieumisiraca/Desktop/MisiCopy/MisiCopy.xcodeproj
    builtin-process-xcframework --xcframework /Users/matthieumisiraca/Library/Developer/Xcode/DerivedData/MisiCopy-ejbrxwynvlcuzmaseszgazwfdqpc/SourcePackages/artifacts/sparkle/Sparkle/Sparkle.xcframework --platform macos --target-path /Users/matthieumisiraca/Library/Developer/Xcode/DerivedData/MisiCopy-ejbrxwynvlcuzmaseszgazwfdqpc/Build/Intermediates.noindex/ArchiveIntermediates/MisiCopy/BuildProductsPath/Release

WriteAuxiliaryFile /Users/matthieumisiraca/Library/Developer/Xcode/DerivedData/MisiCopy-ejbrxwynvlcuzmaseszgazwfdqpc/Build/Intermediates.noindex/ArchiveIntermediates/MisiCopy/IntermediateBuildFilesPath/MisiCopy.build/Release/MisiCopy.build/MisiCopy.hmap (in target 'MisiCopy' from project 'MisiCopy')
    cd /Users/matthieumisiraca/Desktop/MisiCopy
    write-file /Users/matthieumisiraca/Library/Developer/Xcode/DerivedData/MisiCopy-ejbrxwynvlcuzmaseszgazwfdqpc/Build/Intermediates.noindex/ArchiveIntermediates/MisiCopy/IntermediateBuildFilesPath/MisiCopy.build/Release/MisiCopy.build/MisiCopy.hmap

WriteAuxiliaryFile /Users/matthieumisiraca/Library/Developer/Xcode/DerivedData/MisiCopy-ejbrxwynvlcuzmaseszgazwfdqpc/Build/Intermediates.noindex/ArchiveIntermediates/MisiCopy/IntermediateBuildFilesPath/MisiCopy.build/Release/MisiCopy.build/MisiCopy-project-headers.hmap (in target 'MisiCopy' from project 'MisiCopy')
    cd /Users/matthieumisiraca/Desktop/MisiCopy
    write-file /Users/matthieumisiraca/Library/Developer/Xcode/DerivedData/MisiCopy-ejbrxwynvlcuzmaseszgazwfdqpc/Build/Intermediates.noindex/ArchiveIntermediates/MisiCopy/IntermediateBuildFilesPath/MisiCopy.build/Release/MisiCopy.build/MisiCopy-project-headers.hmap

WriteAuxiliaryFile /Users/matthieumisiraca/Library/Developer/Xcode/DerivedData/MisiCopy-ejbrxwynvlcuzmaseszgazwfdqpc/Build/Intermediates.noindex/ArchiveIntermediates/MisiCopy/IntermediateBuildFilesPath/MisiCopy.build/Release/MisiCopy.build/MisiCopy-own-target-headers.hmap (in target 'MisiCopy' from project 'MisiCopy')
    cd /Users/matthieumisiraca/Desktop/MisiCopy
    write-file /Users/matthieumisiraca/Library/Developer/Xcode/DerivedData/MisiCopy-ejbrxwynvlcuzmaseszgazwfdqpc/Build/Intermediates.noindex/ArchiveIntermediates/MisiCopy/IntermediateBuildFilesPath/MisiCopy.build/Release/MisiCopy.build/MisiCopy-own-target-headers.hmap

WriteAuxiliaryFile /Users/matthieumisiraca/Library/Developer/Xcode/DerivedData/MisiCopy-ejbrxwynvlcuzmaseszgazwfdqpc/Build/Intermediates.noindex/ArchiveIntermediates/MisiCopy/IntermediateBuildFilesPath/MisiCopy.build/Release/MisiCopy.build/Objects-normal/x86_64/MisiCopy-OutputFileMap.json (in target 'MisiCopy' from project 'MisiCopy')
    cd /Users/matthieumisiraca/Desktop/MisiCopy
    write-file /Users/matthieumisiraca/Library/Developer/Xcode/DerivedData/MisiCopy-ejbrxwynvlcuzmaseszgazwfdqpc/Build/Intermediates.noindex/ArchiveIntermediates/MisiCopy/IntermediateBuildFilesPath/MisiCopy.build/Release/MisiCopy.build/Objects-normal/x86_64/MisiCopy-OutputFileMap.json

WriteAuxiliaryFile /Users/matthieumisiraca/Library/Developer/Xcode/DerivedData/MisiCopy-ejbrxwynvlcuzmaseszgazwfdqpc/Build/Intermediates.noindex/ArchiveIntermediates/MisiCopy/IntermediateBuildFilesPath/MisiCopy.build/Release/MisiCopy.build/MisiCopy-generated-files.hmap (in target 'MisiCopy' from project 'MisiCopy')
    cd /Users/matthieumisiraca/Desktop/MisiCopy
    write-file /Users/matthieumisiraca/Library/Developer/Xcode/DerivedData/MisiCopy-ejbrxwynvlcuzmaseszgazwfdqpc/Build/Intermediates.noindex/ArchiveIntermediates/MisiCopy/IntermediateBuildFilesPath/MisiCopy.build/Release/MisiCopy.build/MisiCopy-generated-files.hmap

WriteAuxiliaryFile /Users/matthieumisiraca/Library/Developer/Xcode/DerivedData/MisiCopy-ejbrxwynvlcuzmaseszgazwfdqpc/Build/Intermediates.noindex/ArchiveIntermediates/MisiCopy/IntermediateBuildFilesPath/MisiCopy.build/Release/MisiCopy.build/MisiCopy-all-target-headers.hmap (in target 'MisiCopy' from project 'MisiCopy')
    cd /Users/matthieumisiraca/Desktop/MisiCopy
    write-file /Users/matthieumisiraca/Library/Developer/Xcode/DerivedData/MisiCopy-ejbrxwynvlcuzmaseszgazwfdqpc/Build/Intermediates.noindex/ArchiveIntermediates/MisiCopy/IntermediateBuildFilesPath/MisiCopy.build/Release/MisiCopy.build/MisiCopy-all-target-headers.hmap

WriteAuxiliaryFile /Users/matthieumisiraca/Library/Developer/Xcode/DerivedData/MisiCopy-ejbrxwynvlcuzmaseszgazwfdqpc/Build/Intermediates.noindex/ArchiveIntermediates/MisiCopy/IntermediateBuildFilesPath/MisiCopy.build/Release/MisiCopy.build/Objects-normal/x86_64/MisiCopy.SwiftConstValuesFileList (in target 'MisiCopy' from project 'MisiCopy')
    cd /Users/matthieumisiraca/Desktop/MisiCopy
    write-file /Users/matthieumisiraca/Library/Developer/Xcode/DerivedData/MisiCopy-ejbrxwynvlcuzmaseszgazwfdqpc/Build/Intermediates.noindex/ArchiveIntermediates/MisiCopy/IntermediateBuildFilesPath/MisiCopy.build/Release/MisiCopy.build/Objects-normal/x86_64/MisiCopy.SwiftConstValuesFileList

WriteAuxiliaryFile /Users/matthieumisiraca/Library/Developer/Xcode/DerivedData/MisiCopy-ejbrxwynvlcuzmaseszgazwfdqpc/Build/Intermediates.noindex/ArchiveIntermediates/MisiCopy/IntermediateBuildFilesPath/MisiCopy.build/Release/MisiCopy.build/Objects-normal/x86_64/MisiCopy.SwiftFileList (in target 'MisiCopy' from project 'MisiCopy')
    cd /Users/matthieumisiraca/Desktop/MisiCopy
    write-file /Users/matthieumisiraca/Library/Developer/Xcode/DerivedData/MisiCopy-ejbrxwynvlcuzmaseszgazwfdqpc/Build/Intermediates.noindex/ArchiveIntermediates/MisiCopy/IntermediateBuildFilesPath/MisiCopy.build/Release/MisiCopy.build/Objects-normal/x86_64/MisiCopy.SwiftFileList

WriteAuxiliaryFile /Users/matthieumisiraca/Library/Developer/Xcode/DerivedData/MisiCopy-ejbrxwynvlcuzmaseszgazwfdqpc/Build/Intermediates.noindex/ArchiveIntermediates/MisiCopy/IntermediateBuildFilesPath/MisiCopy.build/Release/MisiCopy.build/Objects-normal/x86_64/MisiCopy.LinkFileList (in target 'MisiCopy' from project 'MisiCopy')
    cd /Users/matthieumisiraca/Desktop/MisiCopy
    write-file /Users/matthieumisiraca/Library/Developer/Xcode/DerivedData/MisiCopy-ejbrxwynvlcuzmaseszgazwfdqpc/Build/Intermediates.noindex/ArchiveIntermediates/MisiCopy/IntermediateBuildFilesPath/MisiCopy.build/Release/MisiCopy.build/Objects-normal/x86_64/MisiCopy.LinkFileList

WriteAuxiliaryFile /Users/matthieumisiraca/Library/Developer/Xcode/DerivedData/MisiCopy-ejbrxwynvlcuzmaseszgazwfdqpc/Build/Intermediates.noindex/ArchiveIntermediates/MisiCopy/IntermediateBuildFilesPath/MisiCopy.build/Release/MisiCopy.build/Objects-normal/x86_64/MisiCopy_const_extract_protocols.json (in target 'MisiCopy' from project 'MisiCopy')
    cd /Users/matthieumisiraca/Desktop/MisiCopy
    write-file /Users/matthieumisiraca/Library/Developer/Xcode/DerivedData/MisiCopy-ejbrxwynvlcuzmaseszgazwfdqpc/Build/Intermediates.noindex/ArchiveIntermediates/MisiCopy/IntermediateBuildFilesPath/MisiCopy.build/Release/MisiCopy.build/Objects-normal/x86_64/MisiCopy_const_extract_protocols.json

WriteAuxiliaryFile /Users/matthieumisiraca/Library/Developer/Xcode/DerivedData/MisiCopy-ejbrxwynvlcuzmaseszgazwfdqpc/Build/Intermediates.noindex/ArchiveIntermediates/MisiCopy/IntermediateBuildFilesPath/MisiCopy.build/Release/MisiCopy.build/Objects-normal/arm64/MisiCopy_const_extract_protocols.json (in target 'MisiCopy' from project 'MisiCopy')
    cd /Users/matthieumisiraca/Desktop/MisiCopy
    write-file /Users/matthieumisiraca/Library/Developer/Xcode/DerivedData/MisiCopy-ejbrxwynvlcuzmaseszgazwfdqpc/Build/Intermediates.noindex/ArchiveIntermediates/MisiCopy/IntermediateBuildFilesPath/MisiCopy.build/Release/MisiCopy.build/Objects-normal/arm64/MisiCopy_const_extract_protocols.json

WriteAuxiliaryFile /Users/matthieumisiraca/Library/Developer/Xcode/DerivedData/MisiCopy-ejbrxwynvlcuzmaseszgazwfdqpc/Build/Intermediates.noindex/ArchiveIntermediates/MisiCopy/IntermediateBuildFilesPath/MisiCopy.build/Release/MisiCopy.build/Objects-normal/arm64/MisiCopy.LinkFileList (in target 'MisiCopy' from project 'MisiCopy')
    cd /Users/matthieumisiraca/Desktop/MisiCopy
    write-file /Users/matthieumisiraca/Library/Developer/Xcode/DerivedData/MisiCopy-ejbrxwynvlcuzmaseszgazwfdqpc/Build/Intermediates.noindex/ArchiveIntermediates/MisiCopy/IntermediateBuildFilesPath/MisiCopy.build/Release/MisiCopy.build/Objects-normal/arm64/MisiCopy.LinkFileList

WriteAuxiliaryFile /Users/matthieumisiraca/Library/Developer/Xcode/DerivedData/MisiCopy-ejbrxwynvlcuzmaseszgazwfdqpc/Build/Intermediates.noindex/ArchiveIntermediates/MisiCopy/IntermediateBuildFilesPath/MisiCopy.build/Release/MisiCopy.build/Objects-normal/arm64/MisiCopy-OutputFileMap.json (in target 'MisiCopy' from project 'MisiCopy')
    cd /Users/matthieumisiraca/Desktop/MisiCopy
    write-file /Users/matthieumisiraca/Library/Developer/Xcode/DerivedData/MisiCopy-ejbrxwynvlcuzmaseszgazwfdqpc/Build/Intermediates.noindex/ArchiveIntermediates/MisiCopy/IntermediateBuildFilesPath/MisiCopy.build/Release/MisiCopy.build/Objects-normal/arm64/MisiCopy-OutputFileMap.json

WriteAuxiliaryFile /Users/matthieumisiraca/Library/Developer/Xcode/DerivedData/MisiCopy-ejbrxwynvlcuzmaseszgazwfdqpc/Build/Intermediates.noindex/ArchiveIntermediates/MisiCopy/IntermediateBuildFilesPath/MisiCopy.build/Release/MisiCopy.build/Objects-normal/arm64/MisiCopy.SwiftFileList (in target 'MisiCopy' from project 'MisiCopy')
    cd /Users/matthieumisiraca/Desktop/MisiCopy
    write-file /Users/matthieumisiraca/Library/Developer/Xcode/DerivedData/MisiCopy-ejbrxwynvlcuzmaseszgazwfdqpc/Build/Intermediates.noindex/ArchiveIntermediates/MisiCopy/IntermediateBuildFilesPath/MisiCopy.build/Release/MisiCopy.build/Objects-normal/arm64/MisiCopy.SwiftFileList

WriteAuxiliaryFile /Users/matthieumisiraca/Library/Developer/Xcode/DerivedData/MisiCopy-ejbrxwynvlcuzmaseszgazwfdqpc/Build/Intermediates.noindex/ArchiveIntermediates/MisiCopy/IntermediateBuildFilesPath/MisiCopy.build/Release/MisiCopy.build/Objects-normal/arm64/MisiCopy.SwiftConstValuesFileList (in target 'MisiCopy' from project 'MisiCopy')
    cd /Users/matthieumisiraca/Desktop/MisiCopy
    write-file /Users/matthieumisiraca/Library/Developer/Xcode/DerivedData/MisiCopy-ejbrxwynvlcuzmaseszgazwfdqpc/Build/Intermediates.noindex/ArchiveIntermediates/MisiCopy/IntermediateBuildFilesPath/MisiCopy.build/Release/MisiCopy.build/Objects-normal/arm64/MisiCopy.SwiftConstValuesFileList

WriteAuxiliaryFile /Users/matthieumisiraca/Library/Developer/Xcode/DerivedData/MisiCopy-ejbrxwynvlcuzmaseszgazwfdqpc/Build/Intermediates.noindex/ArchiveIntermediates/MisiCopy/IntermediateBuildFilesPath/MisiCopy.build/Release/MisiCopy.build/MisiCopy.DependencyStaticMetadataFileList (in target 'MisiCopy' from project 'MisiCopy')
    cd /Users/matthieumisiraca/Desktop/MisiCopy
    write-file /Users/matthieumisiraca/Library/Developer/Xcode/DerivedData/MisiCopy-ejbrxwynvlcuzmaseszgazwfdqpc/Build/Intermediates.noindex/ArchiveIntermediates/MisiCopy/IntermediateBuildFilesPath/MisiCopy.build/Release/MisiCopy.build/MisiCopy.DependencyStaticMetadataFileList

WriteAuxiliaryFile /Users/matthieumisiraca/Library/Developer/Xcode/DerivedData/MisiCopy-ejbrxwynvlcuzmaseszgazwfdqpc/Build/Intermediates.noindex/ArchiveIntermediates/MisiCopy/IntermediateBuildFilesPath/MisiCopy.build/Release/MisiCopy.build/MisiCopy.DependencyMetadataFileList (in target 'MisiCopy' from project 'MisiCopy')
    cd /Users/matthieumisiraca/Desktop/MisiCopy
    write-file /Users/matthieumisiraca/Library/Developer/Xcode/DerivedData/MisiCopy-ejbrxwynvlcuzmaseszgazwfdqpc/Build/Intermediates.noindex/ArchiveIntermediates/MisiCopy/IntermediateBuildFilesPath/MisiCopy.build/Release/MisiCopy.build/MisiCopy.DependencyMetadataFileList

WriteAuxiliaryFile /Users/matthieumisiraca/Library/Developer/Xcode/DerivedData/MisiCopy-ejbrxwynvlcuzmaseszgazwfdqpc/Build/Intermediates.noindex/ArchiveIntermediates/MisiCopy/IntermediateBuildFilesPath/MisiCopy.build/Release/MisiCopy.build/MisiCopy-all-non-framework-target-headers.hmap (in target 'MisiCopy' from project 'MisiCopy')
    cd /Users/matthieumisiraca/Desktop/MisiCopy
    write-file /Users/matthieumisiraca/Library/Developer/Xcode/DerivedData/MisiCopy-ejbrxwynvlcuzmaseszgazwfdqpc/Build/Intermediates.noindex/ArchiveIntermediates/MisiCopy/IntermediateBuildFilesPath/MisiCopy.build/Release/MisiCopy.build/MisiCopy-all-non-framework-target-headers.hmap

WriteAuxiliaryFile /Users/matthieumisiraca/Library/Developer/Xcode/DerivedData/MisiCopy-ejbrxwynvlcuzmaseszgazwfdqpc/Build/Intermediates.noindex/ArchiveIntermediates/MisiCopy/IntermediateBuildFilesPath/MisiCopy.build/Release/MisiCopy.build/DerivedSources/Entitlements.plist (in target 'MisiCopy' from project 'MisiCopy')
    cd /Users/matthieumisiraca/Desktop/MisiCopy
    write-file /Users/matthieumisiraca/Library/Developer/Xcode/DerivedData/MisiCopy-ejbrxwynvlcuzmaseszgazwfdqpc/Build/Intermediates.noindex/ArchiveIntermediates/MisiCopy/IntermediateBuildFilesPath/MisiCopy.build/Release/MisiCopy.build/DerivedSources/Entitlements.plist

SymLink /Users/matthieumisiraca/Library/Developer/Xcode/DerivedData/MisiCopy-ejbrxwynvlcuzmaseszgazwfdqpc/Build/Intermediates.noindex/ArchiveIntermediates/MisiCopy/BuildProductsPath/Release/MisiCopy.app ../../InstallationBuildProductsLocation/Applications/MisiCopy.app (in target 'MisiCopy' from project 'MisiCopy')
    cd /Users/matthieumisiraca/Desktop/MisiCopy
    /bin/ln -sfh ../../InstallationBuildProductsLocation/Applications/MisiCopy.app /Users/matthieumisiraca/Library/Developer/Xcode/DerivedData/MisiCopy-ejbrxwynvlcuzmaseszgazwfdqpc/Build/Intermediates.noindex/ArchiveIntermediates/MisiCopy/BuildProductsPath/Release/MisiCopy.app

MkDir /Users/matthieumisiraca/Library/Developer/Xcode/DerivedData/MisiCopy-ejbrxwynvlcuzmaseszgazwfdqpc/Build/Intermediates.noindex/ArchiveIntermediates/MisiCopy/InstallationBuildProductsLocation/Applications/MisiCopy.app/Contents/MacOS (in target 'MisiCopy' from project 'MisiCopy')
    cd /Users/matthieumisiraca/Desktop/MisiCopy
    /bin/mkdir -p /Users/matthieumisiraca/Library/Developer/Xcode/DerivedData/MisiCopy-ejbrxwynvlcuzmaseszgazwfdqpc/Build/Intermediates.noindex/ArchiveIntermediates/MisiCopy/InstallationBuildProductsLocation/Applications/MisiCopy.app/Contents/MacOS

MkDir /Users/matthieumisiraca/Library/Developer/Xcode/DerivedData/MisiCopy-ejbrxwynvlcuzmaseszgazwfdqpc/Build/Intermediates.noindex/ArchiveIntermediates/MisiCopy/InstallationBuildProductsLocation/Applications/MisiCopy.app/Contents/Frameworks (in target 'MisiCopy' from project 'MisiCopy')
    cd /Users/matthieumisiraca/Desktop/MisiCopy
    /bin/mkdir -p /Users/matthieumisiraca/Library/Developer/Xcode/DerivedData/MisiCopy-ejbrxwynvlcuzmaseszgazwfdqpc/Build/Intermediates.noindex/ArchiveIntermediates/MisiCopy/InstallationBuildProductsLocation/Applications/MisiCopy.app/Contents/Frameworks

MkDir /Users/matthieumisiraca/Library/Developer/Xcode/DerivedData/MisiCopy-ejbrxwynvlcuzmaseszgazwfdqpc/Build/Intermediates.noindex/ArchiveIntermediates/MisiCopy/InstallationBuildProductsLocation/Applications/MisiCopy.app/Contents/Resources (in target 'MisiCopy' from project 'MisiCopy')
    cd /Users/matthieumisiraca/Desktop/MisiCopy
    /bin/mkdir -p /Users/matthieumisiraca/Library/Developer/Xcode/DerivedData/MisiCopy-ejbrxwynvlcuzmaseszgazwfdqpc/Build/Intermediates.noindex/ArchiveIntermediates/MisiCopy/InstallationBuildProductsLocation/Applications/MisiCopy.app/Contents/Resources

MkDir /Users/matthieumisiraca/Library/Developer/Xcode/DerivedData/MisiCopy-ejbrxwynvlcuzmaseszgazwfdqpc/Build/Intermediates.noindex/ArchiveIntermediates/MisiCopy/InstallationBuildProductsLocation/Applications/MisiCopy.app/Contents (in target 'MisiCopy' from project 'MisiCopy')
    cd /Users/matthieumisiraca/Desktop/MisiCopy
    /bin/mkdir -p /Users/matthieumisiraca/Library/Developer/Xcode/DerivedData/MisiCopy-ejbrxwynvlcuzmaseszgazwfdqpc/Build/Intermediates.noindex/ArchiveIntermediates/MisiCopy/InstallationBuildProductsLocation/Applications/MisiCopy.app/Contents

MkDir /Users/matthieumisiraca/Library/Developer/Xcode/DerivedData/MisiCopy-ejbrxwynvlcuzmaseszgazwfdqpc/Build/Intermediates.noindex/ArchiveIntermediates/MisiCopy/InstallationBuildProductsLocation/Applications/MisiCopy.app (in target 'MisiCopy' from project 'MisiCopy')
    cd /Users/matthieumisiraca/Desktop/MisiCopy
    /bin/mkdir -p /Users/matthieumisiraca/Library/Developer/Xcode/DerivedData/MisiCopy-ejbrxwynvlcuzmaseszgazwfdqpc/Build/Intermediates.noindex/ArchiveIntermediates/MisiCopy/InstallationBuildProductsLocation/Applications/MisiCopy.app

ProcessProductPackaging /Users/matthieumisiraca/Library/Developer/Xcode/UserData/Provisioning\ Profiles/MisiCopy_Developer_ID.provisionprofile /Users/matthieumisiraca/Library/Developer/Xcode/DerivedData/MisiCopy-ejbrxwynvlcuzmaseszgazwfdqpc/Build/Intermediates.noindex/ArchiveIntermediates/MisiCopy/InstallationBuildProductsLocation/Applications/MisiCopy.app/Contents/embedded.provisionprofile (in target 'MisiCopy' from project 'MisiCopy')
    cd /Users/matthieumisiraca/Desktop/MisiCopy
    builtin-productPackagingUtility /Users/matthieumisiraca/Library/Developer/Xcode/UserData/Provisioning\ Profiles/MisiCopy_Developer_ID.provisionprofile -o /Users/matthieumisiraca/Library/Developer/Xcode/DerivedData/MisiCopy-ejbrxwynvlcuzmaseszgazwfdqpc/Build/Intermediates.noindex/ArchiveIntermediates/MisiCopy/InstallationBuildProductsLocation/Applications/MisiCopy.app/Contents/embedded.provisionprofile

ProcessProductPackaging /Users/matthieumisiraca/Desktop/MisiCopy/MisiCopy/MisiCopy.entitlements /Users/matthieumisiraca/Library/Developer/Xcode/DerivedData/MisiCopy-ejbrxwynvlcuzmaseszgazwfdqpc/Build/Intermediates.noindex/ArchiveIntermediates/MisiCopy/IntermediateBuildFilesPath/MisiCopy.build/Release/MisiCopy.build/MisiCopy.app.xcent (in target 'MisiCopy' from project 'MisiCopy')
    cd /Users/matthieumisiraca/Desktop/MisiCopy
    
    Entitlements:
    
    {
    "com.apple.application-identifier" = "SM6L2XLUBA.fr.misilab.MisiCopy";
    "com.apple.developer.aps-environment" = production;
    "com.apple.developer.icloud-container-identifiers" =     (
        "iCloud.fr.misilab.MisiCopy"
    );
    "com.apple.developer.icloud-services" =     (
        CloudKit
    );
    "com.apple.developer.team-identifier" = SM6L2XLUBA;
    "com.apple.security.app-sandbox" = 0;
    "com.apple.security.files.all" = 1;
    "com.apple.security.network.client" = 1;
}
    
    builtin-productPackagingUtility /Users/matthieumisiraca/Desktop/MisiCopy/MisiCopy/MisiCopy.entitlements -entitlements -format xml -o /Users/matthieumisiraca/Library/Developer/Xcode/DerivedData/MisiCopy-ejbrxwynvlcuzmaseszgazwfdqpc/Build/Intermediates.noindex/ArchiveIntermediates/MisiCopy/IntermediateBuildFilesPath/MisiCopy.build/Release/MisiCopy.build/MisiCopy.app.xcent

ProcessProductPackagingDER /Users/matthieumisiraca/Library/Developer/Xcode/DerivedData/MisiCopy-ejbrxwynvlcuzmaseszgazwfdqpc/Build/Intermediates.noindex/ArchiveIntermediates/MisiCopy/IntermediateBuildFilesPath/MisiCopy.build/Release/MisiCopy.build/MisiCopy.app.xcent /Users/matthieumisiraca/Library/Developer/Xcode/DerivedData/MisiCopy-ejbrxwynvlcuzmaseszgazwfdqpc/Build/Intermediates.noindex/ArchiveIntermediates/MisiCopy/IntermediateBuildFilesPath/MisiCopy.build/Release/MisiCopy.build/MisiCopy.app.xcent.der (in target 'MisiCopy' from project 'MisiCopy')
    cd /Users/matthieumisiraca/Desktop/MisiCopy
    /usr/bin/derq query -f xml -i /Users/matthieumisiraca/Library/Developer/Xcode/DerivedData/MisiCopy-ejbrxwynvlcuzmaseszgazwfdqpc/Build/Intermediates.noindex/ArchiveIntermediates/MisiCopy/IntermediateBuildFilesPath/MisiCopy.build/Release/MisiCopy.build/MisiCopy.app.xcent -o /Users/matthieumisiraca/Library/Developer/Xcode/DerivedData/MisiCopy-ejbrxwynvlcuzmaseszgazwfdqpc/Build/Intermediates.noindex/ArchiveIntermediates/MisiCopy/IntermediateBuildFilesPath/MisiCopy.build/Release/MisiCopy.build/MisiCopy.app.xcent.der --raw

GenerateAssetSymbols /Users/matthieumisiraca/Desktop/MisiCopy/MisiCopy/Assets.xcassets (in target 'MisiCopy' from project 'MisiCopy')
    cd /Users/matthieumisiraca/Desktop/MisiCopy
    /Applications/Xcode.app/Contents/Developer/usr/bin/actool /Users/matthieumisiraca/Desktop/MisiCopy/MisiCopy/Assets.xcassets --compile /Users/matthieumisiraca/Library/Developer/Xcode/DerivedData/MisiCopy-ejbrxwynvlcuzmaseszgazwfdqpc/Build/Intermediates.noindex/ArchiveIntermediates/MisiCopy/InstallationBuildProductsLocation/Applications/MisiCopy.app/Contents/Resources --output-format human-readable-text --notices --warnings --export-dependency-info /Users/matthieumisiraca/Library/Developer/Xcode/DerivedData/MisiCopy-ejbrxwynvlcuzmaseszgazwfdqpc/Build/Intermediates.noindex/ArchiveIntermediates/MisiCopy/IntermediateBuildFilesPath/MisiCopy.build/Release/MisiCopy.build/assetcatalog_dependencies --output-partial-info-plist /Users/matthieumisiraca/Library/Developer/Xcode/DerivedData/MisiCopy-ejbrxwynvlcuzmaseszgazwfdqpc/Build/Intermediates.noindex/ArchiveIntermediates/MisiCopy/IntermediateBuildFilesPath/MisiCopy.build/Release/MisiCopy.build/assetcatalog_generated_info.plist --app-icon AppIcon --accent-color AccentColor --enable-on-demand-resources NO --development-region en --target-device mac --minimum-deployment-target 14.6 --platform macosx --bundle-identifier fr.misilab.MisiCopy --generate-swift-asset-symbols /Users/matthieumisiraca/Library/Developer/Xcode/DerivedData/MisiCopy-ejbrxwynvlcuzmaseszgazwfdqpc/Build/Intermediates.noindex/ArchiveIntermediates/MisiCopy/IntermediateBuildFilesPath/MisiCopy.build/Release/MisiCopy.build/DerivedSources/GeneratedAssetSymbols.swift --generate-objc-asset-symbols /Users/matthieumisiraca/Library/Developer/Xcode/DerivedData/MisiCopy-ejbrxwynvlcuzmaseszgazwfdqpc/Build/Intermediates.noindex/ArchiveIntermediates/MisiCopy/IntermediateBuildFilesPath/MisiCopy.build/Release/MisiCopy.build/DerivedSources/GeneratedAssetSymbols.h --generate-asset-symbol-index /Users/matthieumisiraca/Library/Developer/Xcode/DerivedData/MisiCopy-ejbrxwynvlcuzmaseszgazwfdqpc/Build/Intermediates.noindex/ArchiveIntermediates/MisiCopy/IntermediateBuildFilesPath/MisiCopy.build/Release/MisiCopy.build/DerivedSources/GeneratedAssetSymbols-Index.plist
/* com.apple.actool.compilation-results */
/Users/matthieumisiraca/Library/Developer/Xcode/DerivedData/MisiCopy-ejbrxwynvlcuzmaseszgazwfdqpc/Build/Intermediates.noindex/ArchiveIntermediates/MisiCopy/IntermediateBuildFilesPath/MisiCopy.build/Release/MisiCopy.build/DerivedSources/GeneratedAssetSymbols-Index.plist
/Users/matthieumisiraca/Library/Developer/Xcode/DerivedData/MisiCopy-ejbrxwynvlcuzmaseszgazwfdqpc/Build/Intermediates.noindex/ArchiveIntermediates/MisiCopy/IntermediateBuildFilesPath/MisiCopy.build/Release/MisiCopy.build/DerivedSources/GeneratedAssetSymbols.h
/Users/matthieumisiraca/Library/Developer/Xcode/DerivedData/MisiCopy-ejbrxwynvlcuzmaseszgazwfdqpc/Build/Intermediates.noindex/ArchiveIntermediates/MisiCopy/IntermediateBuildFilesPath/MisiCopy.build/Release/MisiCopy.build/DerivedSources/GeneratedAssetSymbols.swift


MkDir /Users/matthieumisiraca/Library/Developer/Xcode/DerivedData/MisiCopy-ejbrxwynvlcuzmaseszgazwfdqpc/Build/Intermediates.noindex/ArchiveIntermediates/MisiCopy/IntermediateBuildFilesPath/MisiCopy.build/Release/MisiCopy.build/assetcatalog_output/unthinned (in target 'MisiCopy' from project 'MisiCopy')
    cd /Users/matthieumisiraca/Desktop/MisiCopy
    /bin/mkdir -p /Users/matthieumisiraca/Library/Developer/Xcode/DerivedData/MisiCopy-ejbrxwynvlcuzmaseszgazwfdqpc/Build/Intermediates.noindex/ArchiveIntermediates/MisiCopy/IntermediateBuildFilesPath/MisiCopy.build/Release/MisiCopy.build/assetcatalog_output/unthinned

MkDir /Users/matthieumisiraca/Library/Developer/Xcode/DerivedData/MisiCopy-ejbrxwynvlcuzmaseszgazwfdqpc/Build/Intermediates.noindex/ArchiveIntermediates/MisiCopy/IntermediateBuildFilesPath/MisiCopy.build/Release/MisiCopy.build/assetcatalog_output/thinned (in target 'MisiCopy' from project 'MisiCopy')
    cd /Users/matthieumisiraca/Desktop/MisiCopy
    /bin/mkdir -p /Users/matthieumisiraca/Library/Developer/Xcode/DerivedData/MisiCopy-ejbrxwynvlcuzmaseszgazwfdqpc/Build/Intermediates.noindex/ArchiveIntermediates/MisiCopy/IntermediateBuildFilesPath/MisiCopy.build/Release/MisiCopy.build/assetcatalog_output/thinned

Copy /Users/matthieumisiraca/Library/Developer/Xcode/DerivedData/MisiCopy-ejbrxwynvlcuzmaseszgazwfdqpc/Build/Intermediates.noindex/ArchiveIntermediates/MisiCopy/InstallationBuildProductsLocation/Applications/MisiCopy.app/Contents/Frameworks/Sparkle.framework /Users/matthieumisiraca/Library/Developer/Xcode/DerivedData/MisiCopy-ejbrxwynvlcuzmaseszgazwfdqpc/SourcePackages/artifacts/sparkle/Sparkle/Sparkle.xcframework/macos-arm64_x86_64/Sparkle.framework (in target 'MisiCopy' from project 'MisiCopy')
    cd /Users/matthieumisiraca/Desktop/MisiCopy
    builtin-copy -exclude .DS_Store -exclude CVS -exclude .svn -exclude .git -exclude .hg -exclude Headers -exclude PrivateHeaders -exclude Modules -exclude \*.tbd -resolve-src-symlinks -remove-static-executable /Users/matthieumisiraca/Library/Developer/Xcode/DerivedData/MisiCopy-ejbrxwynvlcuzmaseszgazwfdqpc/SourcePackages/artifacts/sparkle/Sparkle/Sparkle.xcframework/macos-arm64_x86_64/Sparkle.framework /Users/matthieumisiraca/Library/Developer/Xcode/DerivedData/MisiCopy-ejbrxwynvlcuzmaseszgazwfdqpc/Build/Intermediates.noindex/ArchiveIntermediates/MisiCopy/InstallationBuildProductsLocation/Applications/MisiCopy.app/Contents/Frameworks

CompileAssetCatalogVariant thinned /Users/matthieumisiraca/Library/Developer/Xcode/DerivedData/MisiCopy-ejbrxwynvlcuzmaseszgazwfdqpc/Build/Intermediates.noindex/ArchiveIntermediates/MisiCopy/InstallationBuildProductsLocation/Applications/MisiCopy.app/Contents/Resources /Users/matthieumisiraca/Desktop/MisiCopy/MisiCopy/Assets.xcassets (in target 'MisiCopy' from project 'MisiCopy')
    cd /Users/matthieumisiraca/Desktop/MisiCopy
    /Applications/Xcode.app/Contents/Developer/usr/bin/actool /Users/matthieumisiraca/Desktop/MisiCopy/MisiCopy/Assets.xcassets --compile /Users/matthieumisiraca/Library/Developer/Xcode/DerivedData/MisiCopy-ejbrxwynvlcuzmaseszgazwfdqpc/Build/Intermediates.noindex/ArchiveIntermediates/MisiCopy/IntermediateBuildFilesPath/MisiCopy.build/Release/MisiCopy.build/assetcatalog_output/thinned --output-format human-readable-text --notices --warnings --export-dependency-info /Users/matthieumisiraca/Library/Developer/Xcode/DerivedData/MisiCopy-ejbrxwynvlcuzmaseszgazwfdqpc/Build/Intermediates.noindex/ArchiveIntermediates/MisiCopy/IntermediateBuildFilesPath/MisiCopy.build/Release/MisiCopy.build/assetcatalog_dependencies_thinned --output-partial-info-plist /Users/matthieumisiraca/Library/Developer/Xcode/DerivedData/MisiCopy-ejbrxwynvlcuzmaseszgazwfdqpc/Build/Intermediates.noindex/ArchiveIntermediates/MisiCopy/IntermediateBuildFilesPath/MisiCopy.build/Release/MisiCopy.build/assetcatalog_generated_info.plist_thinned --app-icon AppIcon --accent-color AccentColor --enable-on-demand-resources NO --development-region en --target-device mac --minimum-deployment-target 14.6 --platform macosx
/* com.apple.actool.compilation-results */
/Users/matthieumisiraca/Library/Developer/Xcode/DerivedData/MisiCopy-ejbrxwynvlcuzmaseszgazwfdqpc/Build/Intermediates.noindex/ArchiveIntermediates/MisiCopy/IntermediateBuildFilesPath/MisiCopy.build/Release/MisiCopy.build/assetcatalog_generated_info.plist_thinned
/Users/matthieumisiraca/Library/Developer/Xcode/DerivedData/MisiCopy-ejbrxwynvlcuzmaseszgazwfdqpc/Build/Intermediates.noindex/ArchiveIntermediates/MisiCopy/IntermediateBuildFilesPath/MisiCopy.build/Release/MisiCopy.build/assetcatalog_output/thinned/AppIcon.icns
/Users/matthieumisiraca/Library/Developer/Xcode/DerivedData/MisiCopy-ejbrxwynvlcuzmaseszgazwfdqpc/Build/Intermediates.noindex/ArchiveIntermediates/MisiCopy/IntermediateBuildFilesPath/MisiCopy.build/Release/MisiCopy.build/assetcatalog_output/thinned/Assets.car


CodeSign /Users/matthieumisiraca/Library/Developer/Xcode/DerivedData/MisiCopy-ejbrxwynvlcuzmaseszgazwfdqpc/Build/Intermediates.noindex/ArchiveIntermediates/MisiCopy/InstallationBuildProductsLocation/Applications/MisiCopy.app/Contents/Frameworks/Sparkle.framework/Versions/B (in target 'MisiCopy' from project 'MisiCopy')
    cd /Users/matthieumisiraca/Desktop/MisiCopy
    
    Signing Identity:     "Developer ID Application: matthieu misiraca (SM6L2XLUBA)"
    Provisioning Profile: "MisiCopy Developer ID"
                          (cbebb7fd-de10-4c01-bacc-ef5422e7b563)
    
    /usr/bin/codesign --force --sign C25E7B31B6A5DDD9093266BEA0B1EBB7142DFABD --timestamp --options\=runtime -o runtime --requirements \=designated\ \=\>\ anchor\ apple\ generic\ \ and\ identifier\ \"\$self.identifier\"\ and\ \(\(cert\ leaf\[field.1.2.840.113635.100.6.1.9\]\ exists\)\ or\ \(\ certificate\ 1\[field.1.2.840.113635.100.6.2.6\]\ exists\ and\ certificate\ leaf\[field.1.2.840.113635.100.6.1.13\]\ exists\ \ and\ certificate\ leaf\[subject.OU\]\ \=\ \"SM6L2XLUBA\"\ \)\) --preserve-metadata\=identifier,entitlements,flags --generate-entitlement-der /Users/matthieumisiraca/Library/Developer/Xcode/DerivedData/MisiCopy-ejbrxwynvlcuzmaseszgazwfdqpc/Build/Intermediates.noindex/ArchiveIntermediates/MisiCopy/InstallationBuildProductsLocation/Applications/MisiCopy.app/Contents/Frameworks/Sparkle.framework/Versions/B
/Users/matthieumisiraca/Library/Developer/Xcode/DerivedData/MisiCopy-ejbrxwynvlcuzmaseszgazwfdqpc/Build/Intermediates.noindex/ArchiveIntermediates/MisiCopy/InstallationBuildProductsLocation/Applications/MisiCopy.app/Contents/Frameworks/Sparkle.framework/Versions/B: replacing existing signature

LinkAssetCatalog /Users/matthieumisiraca/Desktop/MisiCopy/MisiCopy/Assets.xcassets (in target 'MisiCopy' from project 'MisiCopy')
    cd /Users/matthieumisiraca/Desktop/MisiCopy
    builtin-linkAssetCatalog --thinned /Users/matthieumisiraca/Library/Developer/Xcode/DerivedData/MisiCopy-ejbrxwynvlcuzmaseszgazwfdqpc/Build/Intermediates.noindex/ArchiveIntermediates/MisiCopy/IntermediateBuildFilesPath/MisiCopy.build/Release/MisiCopy.build/assetcatalog_output/thinned --thinned-dependencies /Users/matthieumisiraca/Library/Developer/Xcode/DerivedData/MisiCopy-ejbrxwynvlcuzmaseszgazwfdqpc/Build/Intermediates.noindex/ArchiveIntermediates/MisiCopy/IntermediateBuildFilesPath/MisiCopy.build/Release/MisiCopy.build/assetcatalog_dependencies_thinned --thinned-info-plist-content /Users/matthieumisiraca/Library/Developer/Xcode/DerivedData/MisiCopy-ejbrxwynvlcuzmaseszgazwfdqpc/Build/Intermediates.noindex/ArchiveIntermediates/MisiCopy/IntermediateBuildFilesPath/MisiCopy.build/Release/MisiCopy.build/assetcatalog_generated_info.plist_thinned --unthinned /Users/matthieumisiraca/Library/Developer/Xcode/DerivedData/MisiCopy-ejbrxwynvlcuzmaseszgazwfdqpc/Build/Intermediates.noindex/ArchiveIntermediates/MisiCopy/IntermediateBuildFilesPath/MisiCopy.build/Release/MisiCopy.build/assetcatalog_output/unthinned --unthinned-dependencies /Users/matthieumisiraca/Library/Developer/Xcode/DerivedData/MisiCopy-ejbrxwynvlcuzmaseszgazwfdqpc/Build/Intermediates.noindex/ArchiveIntermediates/MisiCopy/IntermediateBuildFilesPath/MisiCopy.build/Release/MisiCopy.build/assetcatalog_dependencies_unthinned --unthinned-info-plist-content /Users/matthieumisiraca/Library/Developer/Xcode/DerivedData/MisiCopy-ejbrxwynvlcuzmaseszgazwfdqpc/Build/Intermediates.noindex/ArchiveIntermediates/MisiCopy/IntermediateBuildFilesPath/MisiCopy.build/Release/MisiCopy.build/assetcatalog_generated_info.plist_unthinned --output /Users/matthieumisiraca/Library/Developer/Xcode/DerivedData/MisiCopy-ejbrxwynvlcuzmaseszgazwfdqpc/Build/Intermediates.noindex/ArchiveIntermediates/MisiCopy/InstallationBuildProductsLocation/Applications/MisiCopy.app/Contents/Resources --plist-output /Users/matthieumisiraca/Library/Developer/Xcode/DerivedData/MisiCopy-ejbrxwynvlcuzmaseszgazwfdqpc/Build/Intermediates.noindex/ArchiveIntermediates/MisiCopy/IntermediateBuildFilesPath/MisiCopy.build/Release/MisiCopy.build/assetcatalog_generated_info.plist
note: Emplaced /Users/matthieumisiraca/Library/Developer/Xcode/DerivedData/MisiCopy-ejbrxwynvlcuzmaseszgazwfdqpc/Build/Intermediates.noindex/ArchiveIntermediates/MisiCopy/InstallationBuildProductsLocation/Applications/MisiCopy.app/Contents/Resources/AppIcon.icns (in target 'MisiCopy' from project 'MisiCopy')
note: Emplaced /Users/matthieumisiraca/Library/Developer/Xcode/DerivedData/MisiCopy-ejbrxwynvlcuzmaseszgazwfdqpc/Build/Intermediates.noindex/ArchiveIntermediates/MisiCopy/InstallationBuildProductsLocation/Applications/MisiCopy.app/Contents/Resources/Assets.car (in target 'MisiCopy' from project 'MisiCopy')

ProcessInfoPlistFile /Users/matthieumisiraca/Library/Developer/Xcode/DerivedData/MisiCopy-ejbrxwynvlcuzmaseszgazwfdqpc/Build/Intermediates.noindex/ArchiveIntermediates/MisiCopy/InstallationBuildProductsLocation/Applications/MisiCopy.app/Contents/Info.plist /Users/matthieumisiraca/Desktop/MisiCopy/MisiCopy/Info.plist (in target 'MisiCopy' from project 'MisiCopy')
    cd /Users/matthieumisiraca/Desktop/MisiCopy
    builtin-infoPlistUtility /Users/matthieumisiraca/Desktop/MisiCopy/MisiCopy/Info.plist -producttype com.apple.product-type.application -genpkginfo /Users/matthieumisiraca/Library/Developer/Xcode/DerivedData/MisiCopy-ejbrxwynvlcuzmaseszgazwfdqpc/Build/Intermediates.noindex/ArchiveIntermediates/MisiCopy/InstallationBuildProductsLocation/Applications/MisiCopy.app/Contents/PkgInfo -expandbuildsettings -platform macosx -additionalcontentfile /Users/matthieumisiraca/Library/Developer/Xcode/DerivedData/MisiCopy-ejbrxwynvlcuzmaseszgazwfdqpc/Build/Intermediates.noindex/ArchiveIntermediates/MisiCopy/IntermediateBuildFilesPath/MisiCopy.build/Release/MisiCopy.build/assetcatalog_generated_info.plist -scanforprivacyfile /Users/matthieumisiraca/Library/Developer/Xcode/DerivedData/MisiCopy-ejbrxwynvlcuzmaseszgazwfdqpc/Build/Intermediates.noindex/ArchiveIntermediates/MisiCopy/InstallationBuildProductsLocation/Applications/MisiCopy.app/Contents/Frameworks/Sparkle.framework -o /Users/matthieumisiraca/Library/Developer/Xcode/DerivedData/MisiCopy-ejbrxwynvlcuzmaseszgazwfdqpc/Build/Intermediates.noindex/ArchiveIntermediates/MisiCopy/InstallationBuildProductsLocation/Applications/MisiCopy.app/Contents/Info.plist

SwiftDriver MisiCopy normal arm64 com.apple.xcode.tools.swift.compiler (in target 'MisiCopy' from project 'MisiCopy')
    cd /Users/matthieumisiraca/Desktop/MisiCopy
    builtin-SwiftDriver -- /Applications/Xcode.app/Contents/Developer/Toolchains/XcodeDefault.xctoolchain/usr/bin/swiftc -module-name MisiCopy -O -whole-module-optimization @/Users/matthieumisiraca/Library/Developer/Xcode/DerivedData/MisiCopy-ejbrxwynvlcuzmaseszgazwfdqpc/Build/Intermediates.noindex/ArchiveIntermediates/MisiCopy/IntermediateBuildFilesPath/MisiCopy.build/Release/MisiCopy.build/Objects-normal/arm64/MisiCopy.SwiftFileList -default-isolation\=MainActor -enable-bare-slash-regex -enable-upcoming-feature DisableOutwardActorInference -enable-upcoming-feature InferSendableFromCaptures -enable-upcoming-feature GlobalActorIsolatedTypesUsability -enable-upcoming-feature MemberImportVisibility -enable-upcoming-feature InferIsolatedConformances -enable-upcoming-feature NonisolatedNonsendingByDefault -enable-experimental-feature DebugDescriptionMacro -sdk /Applications/Xcode.app/Contents/Developer/Platforms/MacOSX.platform/Developer/SDKs/MacOSX26.5.sdk -target arm64-apple-macos14.6 -g -module-cache-path /Users/matthieumisiraca/Library/Developer/Xcode/DerivedData/ModuleCache.noindex -Xfrontend -serialize-debugging-options -swift-version 5 -I /Users/matthieumisiraca/Library/Developer/Xcode/DerivedData/MisiCopy-ejbrxwynvlcuzmaseszgazwfdqpc/Build/Intermediates.noindex/ArchiveIntermediates/MisiCopy/BuildProductsPath/Release -F /Users/matthieumisiraca/Library/Developer/Xcode/DerivedData/MisiCopy-ejbrxwynvlcuzmaseszgazwfdqpc/Build/Intermediates.noindex/ArchiveIntermediates/MisiCopy/BuildProductsPath/Release -emit-localized-strings -emit-localized-strings-path /Users/matthieumisiraca/Library/Developer/Xcode/DerivedData/MisiCopy-ejbrxwynvlcuzmaseszgazwfdqpc/Build/Intermediates.noindex/ArchiveIntermediates/MisiCopy/IntermediateBuildFilesPath/MisiCopy.build/Release/MisiCopy.build/Objects-normal/arm64 -c -num-threads 14 -Xcc -ivfsstatcache -Xcc /Users/matthieumisiraca/Library/Developer/Xcode/DerivedData/SDKStatCaches.noindex/macosx26.5-25F70-e082c4a02f00227109f4ed75e425c832.sdkstatcache -output-file-map /Users/matthieumisiraca/Library/Developer/Xcode/DerivedData/MisiCopy-ejbrxwynvlcuzmaseszgazwfdqpc/Build/Intermediates.noindex/ArchiveIntermediates/MisiCopy/IntermediateBuildFilesPath/MisiCopy.build/Release/MisiCopy.build/Objects-normal/arm64/MisiCopy-OutputFileMap.json -use-frontend-parseable-output -save-temps -no-color-diagnostics -explicit-module-build -module-cache-path /Users/matthieumisiraca/Library/Developer/Xcode/DerivedData/MisiCopy-ejbrxwynvlcuzmaseszgazwfdqpc/Build/Intermediates.noindex/ArchiveIntermediates/MisiCopy/IntermediateBuildFilesPath/SwiftExplicitPrecompiledModules -clang-scanner-module-cache-path /Users/matthieumisiraca/Library/Developer/Xcode/DerivedData/ModuleCache.noindex -sdk-module-cache-path /Users/matthieumisiraca/Library/Developer/Xcode/DerivedData/ModuleCache.noindex -serialize-diagnostics -emit-dependencies -emit-module -emit-module-path /Users/matthieumisiraca/Library/Developer/Xcode/DerivedData/MisiCopy-ejbrxwynvlcuzmaseszgazwfdqpc/Build/Intermediates.noindex/ArchiveIntermediates/MisiCopy/IntermediateBuildFilesPath/MisiCopy.build/Release/MisiCopy.build/Objects-normal/arm64/MisiCopy.swiftmodule -validate-clang-modules-once -clang-build-session-file /Users/matthieumisiraca/Library/Developer/Xcode/DerivedData/ModuleCache.noindex/Session.modulevalidation -Xcc -I/Users/matthieumisiraca/Library/Developer/Xcode/DerivedData/MisiCopy-ejbrxwynvlcuzmaseszgazwfdqpc/Build/Intermediates.noindex/ArchiveIntermediates/MisiCopy/IntermediateBuildFilesPath/MisiCopy.build/Release/MisiCopy.build/swift-overrides.hmap -emit-const-values -Xfrontend -const-gather-protocols-file -Xfrontend /Users/matthieumisiraca/Library/Developer/Xcode/DerivedData/MisiCopy-ejbrxwynvlcuzmaseszgazwfdqpc/Build/Intermediates.noindex/ArchiveIntermediates/MisiCopy/IntermediateBuildFilesPath/MisiCopy.build/Release/MisiCopy.build/Objects-normal/arm64/MisiCopy_const_extract_protocols.json -Xcc -iquote -Xcc /Users/matthieumisiraca/Library/Developer/Xcode/DerivedData/MisiCopy-ejbrxwynvlcuzmaseszgazwfdqpc/Build/Intermediates.noindex/ArchiveIntermediates/MisiCopy/IntermediateBuildFilesPath/MisiCopy.build/Release/MisiCopy.build/MisiCopy-generated-files.hmap -Xcc -I/Users/matthieumisiraca/Library/Developer/Xcode/DerivedData/MisiCopy-ejbrxwynvlcuzmaseszgazwfdqpc/Build/Intermediates.noindex/ArchiveIntermediates/MisiCopy/IntermediateBuildFilesPath/MisiCopy.build/Release/MisiCopy.build/MisiCopy-own-target-headers.hmap -Xcc -I/Users/matthieumisiraca/Library/Developer/Xcode/DerivedData/MisiCopy-ejbrxwynvlcuzmaseszgazwfdqpc/Build/Intermediates.noindex/ArchiveIntermediates/MisiCopy/IntermediateBuildFilesPath/MisiCopy.build/Release/MisiCopy.build/MisiCopy-all-target-headers.hmap -Xcc -iquote -Xcc /Users/matthieumisiraca/Library/Developer/Xcode/DerivedData/MisiCopy-ejbrxwynvlcuzmaseszgazwfdqpc/Build/Intermediates.noindex/ArchiveIntermediates/MisiCopy/IntermediateBuildFilesPath/MisiCopy.build/Release/MisiCopy.build/MisiCopy-project-headers.hmap -Xcc -I/Users/matthieumisiraca/Library/Developer/Xcode/DerivedData/MisiCopy-ejbrxwynvlcuzmaseszgazwfdqpc/Build/Intermediates.noindex/ArchiveIntermediates/MisiCopy/BuildProductsPath/Release/include -Xcc -I/Users/matthieumisiraca/Library/Developer/Xcode/DerivedData/MisiCopy-ejbrxwynvlcuzmaseszgazwfdqpc/Build/Intermediates.noindex/ArchiveIntermediates/MisiCopy/IntermediateBuildFilesPath/MisiCopy.build/Release/MisiCopy.build/DerivedSources-normal/arm64 -Xcc -I/Users/matthieumisiraca/Library/Developer/Xcode/DerivedData/MisiCopy-ejbrxwynvlcuzmaseszgazwfdqpc/Build/Intermediates.noindex/ArchiveIntermediates/MisiCopy/IntermediateBuildFilesPath/MisiCopy.build/Release/MisiCopy.build/DerivedSources/arm64 -Xcc -I/Users/matthieumisiraca/Library/Developer/Xcode/DerivedData/MisiCopy-ejbrxwynvlcuzmaseszgazwfdqpc/Build/Intermediates.noindex/ArchiveIntermediates/MisiCopy/IntermediateBuildFilesPath/MisiCopy.build/Release/MisiCopy.build/DerivedSources -emit-objc-header -emit-objc-header-path /Users/matthieumisiraca/Library/Developer/Xcode/DerivedData/MisiCopy-ejbrxwynvlcuzmaseszgazwfdqpc/Build/Intermediates.noindex/ArchiveIntermediates/MisiCopy/IntermediateBuildFilesPath/MisiCopy.build/Release/MisiCopy.build/Objects-normal/arm64/MisiCopy-Swift.h -working-directory /Users/matthieumisiraca/Desktop/MisiCopy -no-emit-module-separately-wmo

SwiftDriver MisiCopy normal x86_64 com.apple.xcode.tools.swift.compiler (in target 'MisiCopy' from project 'MisiCopy')
    cd /Users/matthieumisiraca/Desktop/MisiCopy
    builtin-SwiftDriver -- /Applications/Xcode.app/Contents/Developer/Toolchains/XcodeDefault.xctoolchain/usr/bin/swiftc -module-name MisiCopy -O -whole-module-optimization @/Users/matthieumisiraca/Library/Developer/Xcode/DerivedData/MisiCopy-ejbrxwynvlcuzmaseszgazwfdqpc/Build/Intermediates.noindex/ArchiveIntermediates/MisiCopy/IntermediateBuildFilesPath/MisiCopy.build/Release/MisiCopy.build/Objects-normal/x86_64/MisiCopy.SwiftFileList -default-isolation\=MainActor -enable-bare-slash-regex -enable-upcoming-feature DisableOutwardActorInference -enable-upcoming-feature InferSendableFromCaptures -enable-upcoming-feature GlobalActorIsolatedTypesUsability -enable-upcoming-feature MemberImportVisibility -enable-upcoming-feature InferIsolatedConformances -enable-upcoming-feature NonisolatedNonsendingByDefault -enable-experimental-feature DebugDescriptionMacro -sdk /Applications/Xcode.app/Contents/Developer/Platforms/MacOSX.platform/Developer/SDKs/MacOSX26.5.sdk -target x86_64-apple-macos14.6 -g -module-cache-path /Users/matthieumisiraca/Library/Developer/Xcode/DerivedData/ModuleCache.noindex -Xfrontend -serialize-debugging-options -swift-version 5 -I /Users/matthieumisiraca/Library/Developer/Xcode/DerivedData/MisiCopy-ejbrxwynvlcuzmaseszgazwfdqpc/Build/Intermediates.noindex/ArchiveIntermediates/MisiCopy/BuildProductsPath/Release -F /Users/matthieumisiraca/Library/Developer/Xcode/DerivedData/MisiCopy-ejbrxwynvlcuzmaseszgazwfdqpc/Build/Intermediates.noindex/ArchiveIntermediates/MisiCopy/BuildProductsPath/Release -emit-localized-strings -emit-localized-strings-path /Users/matthieumisiraca/Library/Developer/Xcode/DerivedData/MisiCopy-ejbrxwynvlcuzmaseszgazwfdqpc/Build/Intermediates.noindex/ArchiveIntermediates/MisiCopy/IntermediateBuildFilesPath/MisiCopy.build/Release/MisiCopy.build/Objects-normal/x86_64 -c -num-threads 14 -Xcc -ivfsstatcache -Xcc /Users/matthieumisiraca/Library/Developer/Xcode/DerivedData/SDKStatCaches.noindex/macosx26.5-25F70-e082c4a02f00227109f4ed75e425c832.sdkstatcache -output-file-map /Users/matthieumisiraca/Library/Developer/Xcode/DerivedData/MisiCopy-ejbrxwynvlcuzmaseszgazwfdqpc/Build/Intermediates.noindex/ArchiveIntermediates/MisiCopy/IntermediateBuildFilesPath/MisiCopy.build/Release/MisiCopy.build/Objects-normal/x86_64/MisiCopy-OutputFileMap.json -use-frontend-parseable-output -save-temps -no-color-diagnostics -explicit-module-build -module-cache-path /Users/matthieumisiraca/Library/Developer/Xcode/DerivedData/MisiCopy-ejbrxwynvlcuzmaseszgazwfdqpc/Build/Intermediates.noindex/ArchiveIntermediates/MisiCopy/IntermediateBuildFilesPath/SwiftExplicitPrecompiledModules -clang-scanner-module-cache-path /Users/matthieumisiraca/Library/Developer/Xcode/DerivedData/ModuleCache.noindex -sdk-module-cache-path /Users/matthieumisiraca/Library/Developer/Xcode/DerivedData/ModuleCache.noindex -serialize-diagnostics -emit-dependencies -emit-module -emit-module-path /Users/matthieumisiraca/Library/Developer/Xcode/DerivedData/MisiCopy-ejbrxwynvlcuzmaseszgazwfdqpc/Build/Intermediates.noindex/ArchiveIntermediates/MisiCopy/IntermediateBuildFilesPath/MisiCopy.build/Release/MisiCopy.build/Objects-normal/x86_64/MisiCopy.swiftmodule -validate-clang-modules-once -clang-build-session-file /Users/matthieumisiraca/Library/Developer/Xcode/DerivedData/ModuleCache.noindex/Session.modulevalidation -Xcc -I/Users/matthieumisiraca/Library/Developer/Xcode/DerivedData/MisiCopy-ejbrxwynvlcuzmaseszgazwfdqpc/Build/Intermediates.noindex/ArchiveIntermediates/MisiCopy/IntermediateBuildFilesPath/MisiCopy.build/Release/MisiCopy.build/swift-overrides.hmap -emit-const-values -Xfrontend -const-gather-protocols-file -Xfrontend /Users/matthieumisiraca/Library/Developer/Xcode/DerivedData/MisiCopy-ejbrxwynvlcuzmaseszgazwfdqpc/Build/Intermediates.noindex/ArchiveIntermediates/MisiCopy/IntermediateBuildFilesPath/MisiCopy.build/Release/MisiCopy.build/Objects-normal/x86_64/MisiCopy_const_extract_protocols.json -Xcc -iquote -Xcc /Users/matthieumisiraca/Library/Developer/Xcode/DerivedData/MisiCopy-ejbrxwynvlcuzmaseszgazwfdqpc/Build/Intermediates.noindex/ArchiveIntermediates/MisiCopy/IntermediateBuildFilesPath/MisiCopy.build/Release/MisiCopy.build/MisiCopy-generated-files.hmap -Xcc -I/Users/matthieumisiraca/Library/Developer/Xcode/DerivedData/MisiCopy-ejbrxwynvlcuzmaseszgazwfdqpc/Build/Intermediates.noindex/ArchiveIntermediates/MisiCopy/IntermediateBuildFilesPath/MisiCopy.build/Release/MisiCopy.build/MisiCopy-own-target-headers.hmap -Xcc -I/Users/matthieumisiraca/Library/Developer/Xcode/DerivedData/MisiCopy-ejbrxwynvlcuzmaseszgazwfdqpc/Build/Intermediates.noindex/ArchiveIntermediates/MisiCopy/IntermediateBuildFilesPath/MisiCopy.build/Release/MisiCopy.build/MisiCopy-all-target-headers.hmap -Xcc -iquote -Xcc /Users/matthieumisiraca/Library/Developer/Xcode/DerivedData/MisiCopy-ejbrxwynvlcuzmaseszgazwfdqpc/Build/Intermediates.noindex/ArchiveIntermediates/MisiCopy/IntermediateBuildFilesPath/MisiCopy.build/Release/MisiCopy.build/MisiCopy-project-headers.hmap -Xcc -I/Users/matthieumisiraca/Library/Developer/Xcode/DerivedData/MisiCopy-ejbrxwynvlcuzmaseszgazwfdqpc/Build/Intermediates.noindex/ArchiveIntermediates/MisiCopy/BuildProductsPath/Release/include -Xcc -I/Users/matthieumisiraca/Library/Developer/Xcode/DerivedData/MisiCopy-ejbrxwynvlcuzmaseszgazwfdqpc/Build/Intermediates.noindex/ArchiveIntermediates/MisiCopy/IntermediateBuildFilesPath/MisiCopy.build/Release/MisiCopy.build/DerivedSources-normal/x86_64 -Xcc -I/Users/matthieumisiraca/Library/Developer/Xcode/DerivedData/MisiCopy-ejbrxwynvlcuzmaseszgazwfdqpc/Build/Intermediates.noindex/ArchiveIntermediates/MisiCopy/IntermediateBuildFilesPath/MisiCopy.build/Release/MisiCopy.build/DerivedSources/x86_64 -Xcc -I/Users/matthieumisiraca/Library/Developer/Xcode/DerivedData/MisiCopy-ejbrxwynvlcuzmaseszgazwfdqpc/Build/Intermediates.noindex/ArchiveIntermediates/MisiCopy/IntermediateBuildFilesPath/MisiCopy.build/Release/MisiCopy.build/DerivedSources -emit-objc-header -emit-objc-header-path /Users/matthieumisiraca/Library/Developer/Xcode/DerivedData/MisiCopy-ejbrxwynvlcuzmaseszgazwfdqpc/Build/Intermediates.noindex/ArchiveIntermediates/MisiCopy/IntermediateBuildFilesPath/MisiCopy.build/Release/MisiCopy.build/Objects-normal/x86_64/MisiCopy-Swift.h -working-directory /Users/matthieumisiraca/Desktop/MisiCopy -no-emit-module-separately-wmo

SwiftDriver\ Compilation MisiCopy normal x86_64 com.apple.xcode.tools.swift.compiler (in target 'MisiCopy' from project 'MisiCopy')
    cd /Users/matthieumisiraca/Desktop/MisiCopy
    builtin-Swift-Compilation -- /Applications/Xcode.app/Contents/Developer/Toolchains/XcodeDefault.xctoolchain/usr/bin/swiftc -module-name MisiCopy -O -whole-module-optimization @/Users/matthieumisiraca/Library/Developer/Xcode/DerivedData/MisiCopy-ejbrxwynvlcuzmaseszgazwfdqpc/Build/Intermediates.noindex/ArchiveIntermediates/MisiCopy/IntermediateBuildFilesPath/MisiCopy.build/Release/MisiCopy.build/Objects-normal/x86_64/MisiCopy.SwiftFileList -default-isolation\=MainActor -enable-bare-slash-regex -enable-upcoming-feature DisableOutwardActorInference -enable-upcoming-feature InferSendableFromCaptures -enable-upcoming-feature GlobalActorIsolatedTypesUsability -enable-upcoming-feature MemberImportVisibility -enable-upcoming-feature InferIsolatedConformances -enable-upcoming-feature NonisolatedNonsendingByDefault -enable-experimental-feature DebugDescriptionMacro -sdk /Applications/Xcode.app/Contents/Developer/Platforms/MacOSX.platform/Developer/SDKs/MacOSX26.5.sdk -target x86_64-apple-macos14.6 -g -module-cache-path /Users/matthieumisiraca/Library/Developer/Xcode/DerivedData/ModuleCache.noindex -Xfrontend -serialize-debugging-options -swift-version 5 -I /Users/matthieumisiraca/Library/Developer/Xcode/DerivedData/MisiCopy-ejbrxwynvlcuzmaseszgazwfdqpc/Build/Intermediates.noindex/ArchiveIntermediates/MisiCopy/BuildProductsPath/Release -F /Users/matthieumisiraca/Library/Developer/Xcode/DerivedData/MisiCopy-ejbrxwynvlcuzmaseszgazwfdqpc/Build/Intermediates.noindex/ArchiveIntermediates/MisiCopy/BuildProductsPath/Release -emit-localized-strings -emit-localized-strings-path /Users/matthieumisiraca/Library/Developer/Xcode/DerivedData/MisiCopy-ejbrxwynvlcuzmaseszgazwfdqpc/Build/Intermediates.noindex/ArchiveIntermediates/MisiCopy/IntermediateBuildFilesPath/MisiCopy.build/Release/MisiCopy.build/Objects-normal/x86_64 -c -num-threads 14 -Xcc -ivfsstatcache -Xcc /Users/matthieumisiraca/Library/Developer/Xcode/DerivedData/SDKStatCaches.noindex/macosx26.5-25F70-e082c4a02f00227109f4ed75e425c832.sdkstatcache -output-file-map /Users/matthieumisiraca/Library/Developer/Xcode/DerivedData/MisiCopy-ejbrxwynvlcuzmaseszgazwfdqpc/Build/Intermediates.noindex/ArchiveIntermediates/MisiCopy/IntermediateBuildFilesPath/MisiCopy.build/Release/MisiCopy.build/Objects-normal/x86_64/MisiCopy-OutputFileMap.json -use-frontend-parseable-output -save-temps -no-color-diagnostics -explicit-module-build -module-cache-path /Users/matthieumisiraca/Library/Developer/Xcode/DerivedData/MisiCopy-ejbrxwynvlcuzmaseszgazwfdqpc/Build/Intermediates.noindex/ArchiveIntermediates/MisiCopy/IntermediateBuildFilesPath/SwiftExplicitPrecompiledModules -clang-scanner-module-cache-path /Users/matthieumisiraca/Library/Developer/Xcode/DerivedData/ModuleCache.noindex -sdk-module-cache-path /Users/matthieumisiraca/Library/Developer/Xcode/DerivedData/ModuleCache.noindex -serialize-diagnostics -emit-dependencies -emit-module -emit-module-path /Users/matthieumisiraca/Library/Developer/Xcode/DerivedData/MisiCopy-ejbrxwynvlcuzmaseszgazwfdqpc/Build/Intermediates.noindex/ArchiveIntermediates/MisiCopy/IntermediateBuildFilesPath/MisiCopy.build/Release/MisiCopy.build/Objects-normal/x86_64/MisiCopy.swiftmodule -validate-clang-modules-once -clang-build-session-file /Users/matthieumisiraca/Library/Developer/Xcode/DerivedData/ModuleCache.noindex/Session.modulevalidation -Xcc -I/Users/matthieumisiraca/Library/Developer/Xcode/DerivedData/MisiCopy-ejbrxwynvlcuzmaseszgazwfdqpc/Build/Intermediates.noindex/ArchiveIntermediates/MisiCopy/IntermediateBuildFilesPath/MisiCopy.build/Release/MisiCopy.build/swift-overrides.hmap -emit-const-values -Xfrontend -const-gather-protocols-file -Xfrontend /Users/matthieumisiraca/Library/Developer/Xcode/DerivedData/MisiCopy-ejbrxwynvlcuzmaseszgazwfdqpc/Build/Intermediates.noindex/ArchiveIntermediates/MisiCopy/IntermediateBuildFilesPath/MisiCopy.build/Release/MisiCopy.build/Objects-normal/x86_64/MisiCopy_const_extract_protocols.json -Xcc -iquote -Xcc /Users/matthieumisiraca/Library/Developer/Xcode/DerivedData/MisiCopy-ejbrxwynvlcuzmaseszgazwfdqpc/Build/Intermediates.noindex/ArchiveIntermediates/MisiCopy/IntermediateBuildFilesPath/MisiCopy.build/Release/MisiCopy.build/MisiCopy-generated-files.hmap -Xcc -I/Users/matthieumisiraca/Library/Developer/Xcode/DerivedData/MisiCopy-ejbrxwynvlcuzmaseszgazwfdqpc/Build/Intermediates.noindex/ArchiveIntermediates/MisiCopy/IntermediateBuildFilesPath/MisiCopy.build/Release/MisiCopy.build/MisiCopy-own-target-headers.hmap -Xcc -I/Users/matthieumisiraca/Library/Developer/Xcode/DerivedData/MisiCopy-ejbrxwynvlcuzmaseszgazwfdqpc/Build/Intermediates.noindex/ArchiveIntermediates/MisiCopy/IntermediateBuildFilesPath/MisiCopy.build/Release/MisiCopy.build/MisiCopy-all-target-headers.hmap -Xcc -iquote -Xcc /Users/matthieumisiraca/Library/Developer/Xcode/DerivedData/MisiCopy-ejbrxwynvlcuzmaseszgazwfdqpc/Build/Intermediates.noindex/ArchiveIntermediates/MisiCopy/IntermediateBuildFilesPath/MisiCopy.build/Release/MisiCopy.build/MisiCopy-project-headers.hmap -Xcc -I/Users/matthieumisiraca/Library/Developer/Xcode/DerivedData/MisiCopy-ejbrxwynvlcuzmaseszgazwfdqpc/Build/Intermediates.noindex/ArchiveIntermediates/MisiCopy/BuildProductsPath/Release/include -Xcc -I/Users/matthieumisiraca/Library/Developer/Xcode/DerivedData/MisiCopy-ejbrxwynvlcuzmaseszgazwfdqpc/Build/Intermediates.noindex/ArchiveIntermediates/MisiCopy/IntermediateBuildFilesPath/MisiCopy.build/Release/MisiCopy.build/DerivedSources-normal/x86_64 -Xcc -I/Users/matthieumisiraca/Library/Developer/Xcode/DerivedData/MisiCopy-ejbrxwynvlcuzmaseszgazwfdqpc/Build/Intermediates.noindex/ArchiveIntermediates/MisiCopy/IntermediateBuildFilesPath/MisiCopy.build/Release/MisiCopy.build/DerivedSources/x86_64 -Xcc -I/Users/matthieumisiraca/Library/Developer/Xcode/DerivedData/MisiCopy-ejbrxwynvlcuzmaseszgazwfdqpc/Build/Intermediates.noindex/ArchiveIntermediates/MisiCopy/IntermediateBuildFilesPath/MisiCopy.build/Release/MisiCopy.build/DerivedSources -emit-objc-header -emit-objc-header-path /Users/matthieumisiraca/Library/Developer/Xcode/DerivedData/MisiCopy-ejbrxwynvlcuzmaseszgazwfdqpc/Build/Intermediates.noindex/ArchiveIntermediates/MisiCopy/IntermediateBuildFilesPath/MisiCopy.build/Release/MisiCopy.build/Objects-normal/x86_64/MisiCopy-Swift.h -working-directory /Users/matthieumisiraca/Desktop/MisiCopy -no-emit-module-separately-wmo

SwiftExplicitDependencyGeneratePcm x86_64 /Users/matthieumisiraca/Library/Developer/Xcode/DerivedData/MisiCopy-ejbrxwynvlcuzmaseszgazwfdqpc/Build/Intermediates.noindex/ArchiveIntermediates/MisiCopy/IntermediateBuildFilesPath/SwiftExplicitPrecompiledModules/Sparkle-1JT7AZ0BDKAMWIRTYM8RG90T8.pcm

SwiftDriver\ Compilation MisiCopy normal arm64 com.apple.xcode.tools.swift.compiler (in target 'MisiCopy' from project 'MisiCopy')
    cd /Users/matthieumisiraca/Desktop/MisiCopy
    builtin-Swift-Compilation -- /Applications/Xcode.app/Contents/Developer/Toolchains/XcodeDefault.xctoolchain/usr/bin/swiftc -module-name MisiCopy -O -whole-module-optimization @/Users/matthieumisiraca/Library/Developer/Xcode/DerivedData/MisiCopy-ejbrxwynvlcuzmaseszgazwfdqpc/Build/Intermediates.noindex/ArchiveIntermediates/MisiCopy/IntermediateBuildFilesPath/MisiCopy.build/Release/MisiCopy.build/Objects-normal/arm64/MisiCopy.SwiftFileList -default-isolation\=MainActor -enable-bare-slash-regex -enable-upcoming-feature DisableOutwardActorInference -enable-upcoming-feature InferSendableFromCaptures -enable-upcoming-feature GlobalActorIsolatedTypesUsability -enable-upcoming-feature MemberImportVisibility -enable-upcoming-feature InferIsolatedConformances -enable-upcoming-feature NonisolatedNonsendingByDefault -enable-experimental-feature DebugDescriptionMacro -sdk /Applications/Xcode.app/Contents/Developer/Platforms/MacOSX.platform/Developer/SDKs/MacOSX26.5.sdk -target arm64-apple-macos14.6 -g -module-cache-path /Users/matthieumisiraca/Library/Developer/Xcode/DerivedData/ModuleCache.noindex -Xfrontend -serialize-debugging-options -swift-version 5 -I /Users/matthieumisiraca/Library/Developer/Xcode/DerivedData/MisiCopy-ejbrxwynvlcuzmaseszgazwfdqpc/Build/Intermediates.noindex/ArchiveIntermediates/MisiCopy/BuildProductsPath/Release -F /Users/matthieumisiraca/Library/Developer/Xcode/DerivedData/MisiCopy-ejbrxwynvlcuzmaseszgazwfdqpc/Build/Intermediates.noindex/ArchiveIntermediates/MisiCopy/BuildProductsPath/Release -emit-localized-strings -emit-localized-strings-path /Users/matthieumisiraca/Library/Developer/Xcode/DerivedData/MisiCopy-ejbrxwynvlcuzmaseszgazwfdqpc/Build/Intermediates.noindex/ArchiveIntermediates/MisiCopy/IntermediateBuildFilesPath/MisiCopy.build/Release/MisiCopy.build/Objects-normal/arm64 -c -num-threads 14 -Xcc -ivfsstatcache -Xcc /Users/matthieumisiraca/Library/Developer/Xcode/DerivedData/SDKStatCaches.noindex/macosx26.5-25F70-e082c4a02f00227109f4ed75e425c832.sdkstatcache -output-file-map /Users/matthieumisiraca/Library/Developer/Xcode/DerivedData/MisiCopy-ejbrxwynvlcuzmaseszgazwfdqpc/Build/Intermediates.noindex/ArchiveIntermediates/MisiCopy/IntermediateBuildFilesPath/MisiCopy.build/Release/MisiCopy.build/Objects-normal/arm64/MisiCopy-OutputFileMap.json -use-frontend-parseable-output -save-temps -no-color-diagnostics -explicit-module-build -module-cache-path /Users/matthieumisiraca/Library/Developer/Xcode/DerivedData/MisiCopy-ejbrxwynvlcuzmaseszgazwfdqpc/Build/Intermediates.noindex/ArchiveIntermediates/MisiCopy/IntermediateBuildFilesPath/SwiftExplicitPrecompiledModules -clang-scanner-module-cache-path /Users/matthieumisiraca/Library/Developer/Xcode/DerivedData/ModuleCache.noindex -sdk-module-cache-path /Users/matthieumisiraca/Library/Developer/Xcode/DerivedData/ModuleCache.noindex -serialize-diagnostics -emit-dependencies -emit-module -emit-module-path /Users/matthieumisiraca/Library/Developer/Xcode/DerivedData/MisiCopy-ejbrxwynvlcuzmaseszgazwfdqpc/Build/Intermediates.noindex/ArchiveIntermediates/MisiCopy/IntermediateBuildFilesPath/MisiCopy.build/Release/MisiCopy.build/Objects-normal/arm64/MisiCopy.swiftmodule -validate-clang-modules-once -clang-build-session-file /Users/matthieumisiraca/Library/Developer/Xcode/DerivedData/ModuleCache.noindex/Session.modulevalidation -Xcc -I/Users/matthieumisiraca/Library/Developer/Xcode/DerivedData/MisiCopy-ejbrxwynvlcuzmaseszgazwfdqpc/Build/Intermediates.noindex/ArchiveIntermediates/MisiCopy/IntermediateBuildFilesPath/MisiCopy.build/Release/MisiCopy.build/swift-overrides.hmap -emit-const-values -Xfrontend -const-gather-protocols-file -Xfrontend /Users/matthieumisiraca/Library/Developer/Xcode/DerivedData/MisiCopy-ejbrxwynvlcuzmaseszgazwfdqpc/Build/Intermediates.noindex/ArchiveIntermediates/MisiCopy/IntermediateBuildFilesPath/MisiCopy.build/Release/MisiCopy.build/Objects-normal/arm64/MisiCopy_const_extract_protocols.json -Xcc -iquote -Xcc /Users/matthieumisiraca/Library/Developer/Xcode/DerivedData/MisiCopy-ejbrxwynvlcuzmaseszgazwfdqpc/Build/Intermediates.noindex/ArchiveIntermediates/MisiCopy/IntermediateBuildFilesPath/MisiCopy.build/Release/MisiCopy.build/MisiCopy-generated-files.hmap -Xcc -I/Users/matthieumisiraca/Library/Developer/Xcode/DerivedData/MisiCopy-ejbrxwynvlcuzmaseszgazwfdqpc/Build/Intermediates.noindex/ArchiveIntermediates/MisiCopy/IntermediateBuildFilesPath/MisiCopy.build/Release/MisiCopy.build/MisiCopy-own-target-headers.hmap -Xcc -I/Users/matthieumisiraca/Library/Developer/Xcode/DerivedData/MisiCopy-ejbrxwynvlcuzmaseszgazwfdqpc/Build/Intermediates.noindex/ArchiveIntermediates/MisiCopy/IntermediateBuildFilesPath/MisiCopy.build/Release/MisiCopy.build/MisiCopy-all-target-headers.hmap -Xcc -iquote -Xcc /Users/matthieumisiraca/Library/Developer/Xcode/DerivedData/MisiCopy-ejbrxwynvlcuzmaseszgazwfdqpc/Build/Intermediates.noindex/ArchiveIntermediates/MisiCopy/IntermediateBuildFilesPath/MisiCopy.build/Release/MisiCopy.build/MisiCopy-project-headers.hmap -Xcc -I/Users/matthieumisiraca/Library/Developer/Xcode/DerivedData/MisiCopy-ejbrxwynvlcuzmaseszgazwfdqpc/Build/Intermediates.noindex/ArchiveIntermediates/MisiCopy/BuildProductsPath/Release/include -Xcc -I/Users/matthieumisiraca/Library/Developer/Xcode/DerivedData/MisiCopy-ejbrxwynvlcuzmaseszgazwfdqpc/Build/Intermediates.noindex/ArchiveIntermediates/MisiCopy/IntermediateBuildFilesPath/MisiCopy.build/Release/MisiCopy.build/DerivedSources-normal/arm64 -Xcc -I/Users/matthieumisiraca/Library/Developer/Xcode/DerivedData/MisiCopy-ejbrxwynvlcuzmaseszgazwfdqpc/Build/Intermediates.noindex/ArchiveIntermediates/MisiCopy/IntermediateBuildFilesPath/MisiCopy.build/Release/MisiCopy.build/DerivedSources/arm64 -Xcc -I/Users/matthieumisiraca/Library/Developer/Xcode/DerivedData/MisiCopy-ejbrxwynvlcuzmaseszgazwfdqpc/Build/Intermediates.noindex/ArchiveIntermediates/MisiCopy/IntermediateBuildFilesPath/MisiCopy.build/Release/MisiCopy.build/DerivedSources -emit-objc-header -emit-objc-header-path /Users/matthieumisiraca/Library/Developer/Xcode/DerivedData/MisiCopy-ejbrxwynvlcuzmaseszgazwfdqpc/Build/Intermediates.noindex/ArchiveIntermediates/MisiCopy/IntermediateBuildFilesPath/MisiCopy.build/Release/MisiCopy.build/Objects-normal/arm64/MisiCopy-Swift.h -working-directory /Users/matthieumisiraca/Desktop/MisiCopy -no-emit-module-separately-wmo

SwiftExplicitDependencyGeneratePcm arm64 /Users/matthieumisiraca/Library/Developer/Xcode/DerivedData/MisiCopy-ejbrxwynvlcuzmaseszgazwfdqpc/Build/Intermediates.noindex/ArchiveIntermediates/MisiCopy/IntermediateBuildFilesPath/SwiftExplicitPrecompiledModules/Sparkle-A22EL0ENKKYK3HOXGM0XEIQWU.pcm

SwiftCompile normal x86_64 Compiling\ AppIconView.swift,\ Localization.swift,\ Theme.swift,\ AppModel.swift,\ ASCMHLExporter.swift,\ CameraFormatDetector.swift,\ ChecksumCalculator.swift,\ CloudChannelPublisher.swift,\ CopyEngine.swift,\ CSVExporter.swift,\ DriveSpeedTester.swift,\ FilenameTemplate.swift,\ HistoryStore.swift,\ HTMLExporter.swift,\ JSONFileStore.swift,\ KeychainStore.swift,\ LicenseManager.swift,\ LiveActivityPushRelay.swift,\ LocalChannelServer.swift,\ MHLExporter.swift,\ MHLVerifier.swift,\ PDFReportGenerator.swift,\ PresetStore.swift,\ PSKTLSHelper.swift,\ QRCodeGenerator.swift,\ RemoteSyncService.swift,\ SessionStore.swift,\ StatusItemController.swift,\ ThumbnailExtractor.swift,\ WebhookNotifier.swift,\ XXH3.swift,\ AppLanguage.swift,\ ChecksumAlgorithm.swift,\ CopyJob.swift,\ CopyMode.swift,\ CopyStats.swift,\ Destination.swift,\ FileItem.swift,\ LicenseStatus.swift,\ LogEntry.swift,\ PairingPayload.swift,\ Preset.swift,\ SessionRecord.swift,\ SessionSnapshot.swift,\ DropZone.swift,\ OptionCard.swift,\ SectionHeader.swift,\ StatCard.swift,\ ActionButtonView.swift,\ ActivityLogView.swift,\ DestinationsView.swift,\ DITStructureView.swift,\ FooterView.swift,\ HeaderView.swift,\ HistoryView.swift,\ LicenseSettingsView.swift,\ ModeSelectionView.swift,\ QueueView.swift,\ RemoteSyncSettingsView.swift,\ SettingsView.swift,\ SourceSelectionView.swift,\ StatsView.swift,\ ContentView.swift,\ MisiCopyApp.swift,\ GeneratedAssetSymbols.swift /Users/matthieumisiraca/Desktop/MisiCopy/MisiCopy/DesignSystem/AppIconView.swift /Users/matthieumisiraca/Desktop/MisiCopy/MisiCopy/DesignSystem/Localization.swift /Users/matthieumisiraca/Desktop/MisiCopy/MisiCopy/DesignSystem/Theme.swift /Users/matthieumisiraca/Desktop/MisiCopy/MisiCopy/Engine/AppModel.swift /Users/matthieumisiraca/Desktop/MisiCopy/MisiCopy/Engine/ASCMHLExporter.swift /Users/matthieumisiraca/Desktop/MisiCopy/MisiCopy/Engine/CameraFormatDetector.swift /Users/matthieumisiraca/Desktop/MisiCopy/MisiCopy/Engine/ChecksumCalculator.swift /Users/matthieumisiraca/Desktop/MisiCopy/MisiCopy/Engine/CloudChannelPublisher.swift /Users/matthieumisiraca/Desktop/MisiCopy/MisiCopy/Engine/CopyEngine.swift /Users/matthieumisiraca/Desktop/MisiCopy/MisiCopy/Engine/CSVExporter.swift /Users/matthieumisiraca/Desktop/MisiCopy/MisiCopy/Engine/DriveSpeedTester.swift /Users/matthieumisiraca/Desktop/MisiCopy/MisiCopy/Engine/FilenameTemplate.swift /Users/matthieumisiraca/Desktop/MisiCopy/MisiCopy/Engine/HistoryStore.swift /Users/matthieumisiraca/Desktop/MisiCopy/MisiCopy/Engine/HTMLExporter.swift /Users/matthieumisiraca/Desktop/MisiCopy/MisiCopy/Engine/JSONFileStore.swift /Users/matthieumisiraca/Desktop/MisiCopy/MisiCopy/Engine/KeychainStore.swift /Users/matthieumisiraca/Desktop/MisiCopy/MisiCopy/Engine/LicenseManager.swift /Users/matthieumisiraca/Desktop/MisiCopy/MisiCopy/Engine/LiveActivityPushRelay.swift /Users/matthieumisiraca/Desktop/MisiCopy/MisiCopy/Engine/LocalChannelServer.swift /Users/matthieumisiraca/Desktop/MisiCopy/MisiCopy/Engine/MHLExporter.swift /Users/matthieumisiraca/Desktop/MisiCopy/MisiCopy/Engine/MHLVerifier.swift /Users/matthieumisiraca/Desktop/MisiCopy/MisiCopy/Engine/PDFReportGenerator.swift /Users/matthieumisiraca/Desktop/MisiCopy/MisiCopy/Engine/PresetStore.swift /Users/matthieumisiraca/Desktop/MisiCopy/MisiCopy/Engine/PSKTLSHelper.swift /Users/matthieumisiraca/Desktop/MisiCopy/MisiCopy/Engine/QRCodeGenerator.swift /Users/matthieumisiraca/Desktop/MisiCopy/MisiCopy/Engine/RemoteSyncService.swift /Users/matthieumisiraca/Desktop/MisiCopy/MisiCopy/Engine/SessionStore.swift /Users/matthieumisiraca/Desktop/MisiCopy/MisiCopy/Engine/StatusItemController.swift /Users/matthieumisiraca/Desktop/MisiCopy/MisiCopy/Engine/ThumbnailExtractor.swift /Users/matthieumisiraca/Desktop/MisiCopy/MisiCopy/Engine/WebhookNotifier.swift /Users/matthieumisiraca/Desktop/MisiCopy/MisiCopy/Engine/XXH3.swift /Users/matthieumisiraca/Desktop/MisiCopy/MisiCopy/Models/AppLanguage.swift /Users/matthieumisiraca/Desktop/MisiCopy/MisiCopy/Models/ChecksumAlgorithm.swift /Users/matthieumisiraca/Desktop/MisiCopy/MisiCopy/Models/CopyJob.swift /Users/matthieumisiraca/Desktop/MisiCopy/MisiCopy/Models/CopyMode.swift /Users/matthieumisiraca/Desktop/MisiCopy/MisiCopy/Models/CopyStats.swift /Users/matthieumisiraca/Desktop/MisiCopy/MisiCopy/Models/Destination.swift /Users/matthieumisiraca/Desktop/MisiCopy/MisiCopy/Models/FileItem.swift /Users/matthieumisiraca/Desktop/MisiCopy/MisiCopy/Models/LicenseStatus.swift /Users/matthieumisiraca/Desktop/MisiCopy/MisiCopy/Models/LogEntry.swift /Users/matthieumisiraca/Desktop/MisiCopy/MisiCopy/Models/PairingPayload.swift /Users/matthieumisiraca/Desktop/MisiCopy/MisiCopy/Models/Preset.swift /Users/matthieumisiraca/Desktop/MisiCopy/MisiCopy/Models/SessionRecord.swift /Users/matthieumisiraca/Desktop/MisiCopy/MisiCopy/Models/SessionSnapshot.swift /Users/matthieumisiraca/Desktop/MisiCopy/MisiCopy/Views/Components/DropZone.swift /Users/matthieumisiraca/Desktop/MisiCopy/MisiCopy/Views/Components/OptionCard.swift /Users/matthieumisiraca/Desktop/MisiCopy/MisiCopy/Views/Components/SectionHeader.swift /Users/matthieumisiraca/Desktop/MisiCopy/MisiCopy/Views/Components/StatCard.swift /Users/matthieumisiraca/Desktop/MisiCopy/MisiCopy/Views/ActionButtonView.swift /Users/matthieumisiraca/Desktop/MisiCopy/MisiCopy/Views/ActivityLogView.swift /Users/matthieumisiraca/Desktop/MisiCopy/MisiCopy/Views/DestinationsView.swift /Users/matthieumisiraca/Desktop/MisiCopy/MisiCopy/Views/DITStructureView.swift /Users/matthieumisiraca/Desktop/MisiCopy/MisiCopy/Views/FooterView.swift /Users/matthieumisiraca/Desktop/MisiCopy/MisiCopy/Views/HeaderView.swift /Users/matthieumisiraca/Desktop/MisiCopy/MisiCopy/Views/HistoryView.swift /Users/matthieumisiraca/Desktop/MisiCopy/MisiCopy/Views/LicenseSettingsView.swift /Users/matthieumisiraca/Desktop/MisiCopy/MisiCopy/Views/ModeSelectionView.swift /Users/matthieumisiraca/Desktop/MisiCopy/MisiCopy/Views/QueueView.swift /Users/matthieumisiraca/Desktop/MisiCopy/MisiCopy/Views/RemoteSyncSettingsView.swift /Users/matthieumisiraca/Desktop/MisiCopy/MisiCopy/Views/SettingsView.swift /Users/matthieumisiraca/Desktop/MisiCopy/MisiCopy/Views/SourceSelectionView.swift /Users/matthieumisiraca/Desktop/MisiCopy/MisiCopy/Views/StatsView.swift /Users/matthieumisiraca/Desktop/MisiCopy/MisiCopy/ContentView.swift /Users/matthieumisiraca/Desktop/MisiCopy/MisiCopy/MisiCopyApp.swift /Users/matthieumisiraca/Library/Developer/Xcode/DerivedData/MisiCopy-ejbrxwynvlcuzmaseszgazwfdqpc/Build/Intermediates.noindex/ArchiveIntermediates/MisiCopy/IntermediateBuildFilesPath/MisiCopy.build/Release/MisiCopy.build/DerivedSources/GeneratedAssetSymbols.swift /Applications/Xcode.app/Contents/Developer/Toolchains/XcodeDefault.xctoolchain/usr/lib/swift/macosx/prebuilt-modules/26.5/AVFAudio.swiftmodule/x86_64-apple-macos.swiftmodule /Applications/Xcode.app/Contents/Developer/Toolchains/XcodeDefault.xctoolchain/usr/lib/swift/macosx/prebuilt-modules/26.5/os.swiftmodule/x86_64-apple-macos.swiftmodule /Applications/Xcode.app/Contents/Developer/Toolchains/XcodeDefault.xctoolchain/usr/lib/swift/macosx/prebuilt-modules/26.5/CoreTransferable.swiftmodule/x86_64-apple-macos.swiftmodule /Applications/Xcode.app/Contents/Developer/Toolchains/XcodeDefault.xctoolchain/usr/lib/swift/macosx/prebuilt-modules/26.5/_DarwinFoundation1.swiftmodule/x86_64-apple-macos.swiftmodule /Applications/Xcode.app/Contents/Developer/Toolchains/XcodeDefault.xctoolchain/usr/lib/swift/macosx/prebuilt-modules/26.5/Observation.swiftmodule/x86_64-apple-macos.swiftmodule /Applications/Xcode.app/Contents/Developer/Toolchains/XcodeDefault.xctoolchain/usr/lib/swift/macosx/prebuilt-modules/26.5/AVFoundation.swiftmodule/x86_64-apple-macos.swiftmodule /Applications/Xcode.app/Contents/Developer/Toolchains/XcodeDefault.xctoolchain/usr/lib/swift/macosx/prebuilt-modules/26.5/DataDetection.swiftmodule/x86_64-apple-macos.swiftmodule /Applications/Xcode.app/Contents/Developer/Toolchains/XcodeDefault.xctoolchain/usr/lib/swift/macosx/prebuilt-modules/26.5/CoreImage.swiftmodule/x86_64-apple-macos.swiftmodule /Applications/Xcode.app/Contents/Developer/Toolchains/XcodeDefault.xctoolchain/usr/lib/swift/macosx/prebuilt-modules/26.5/_DarwinFoundation3.swiftmodule/x86_64-apple-macos.swiftmodule /Applications/Xcode.app/Contents/Developer/Toolchains/XcodeDefault.xctoolchain/usr/lib/swift/macosx/prebuilt-modules/26.5/_DarwinFoundation2.swiftmodule/x86_64-apple-macos.swiftmodule /Applications/Xcode.app/Contents/Developer/Toolchains/XcodeDefault.xctoolchain/usr/lib/swift/macosx/prebuilt-modules/26.5/_Concurrency.swiftmodule/x86_64-apple-macos.swiftmodule /Applications/Xcode.app/Contents/Developer/Toolchains/XcodeDefault.xctoolchain/usr/lib/swift/macosx/prebuilt-modules/26.5/IOKit.swiftmodule/x86_64-apple-macos.swiftmodule /Applications/Xcode.app/Contents/Developer/Toolchains/XcodeDefault.xctoolchain/usr/lib/swift/macosx/prebuilt-modules/26.5/Metal.swiftmodule/x86_64-apple-macos.swiftmodule /Applications/Xcode.app/Contents/Developer/Toolchains/XcodeDefault.xctoolchain/usr/lib/swift/macosx/prebuilt-modules/26.5/_StringProcessing.swiftmodule/x86_64-apple-macos.swiftmodule /Applications/Xcode.app/Contents/Developer/Toolchains/XcodeDefault.xctoolchain/usr/lib/swift/macosx/prebuilt-modules/26.5/ObjectiveC.swiftmodule/x86_64-apple-macos.swiftmodule /Applications/Xcode.app/Contents/Developer/Toolchains/XcodeDefault.xctoolchain/usr/lib/swift/macosx/prebuilt-modules/26.5/Combine.swiftmodule/x86_64-apple-macos.swiftmodule /Applications/Xcode.app/Contents/Developer/Toolchains/XcodeDefault.xctoolchain/usr/lib/swift/macosx/prebuilt-modules/26.5/CoreAudio.swiftmodule/x86_64-apple-macos.swiftmodule /Applications/Xcode.app/Contents/Developer/Toolchains/XcodeDefault.xctoolchain/usr/lib/swift/macosx/prebuilt-modules/26.5/LocalAuthentication.swiftmodule/x86_64-apple-macos.swiftmodule /Applications/Xcode.app/Contents/Developer/Toolchains/XcodeDefault.xctoolchain/usr/lib/swift/macosx/prebuilt-modules/26.5/UniformTypeIdentifiers.swiftmodule/x86_64-apple-macos.swiftmodule /Applications/Xcode.app/Contents/Developer/Toolchains/XcodeDefault.xctoolchain/usr/lib/swift/macosx/prebuilt-modules/26.5/Distributed.swiftmodule/x86_64-apple-macos.swiftmodule /Applications/Xcode.app/Contents/Developer/Toolchains/XcodeDefault.xctoolchain/usr/lib/swift/macosx/prebuilt-modules/26.5/SwiftUI.swiftmodule/x86_64-apple-macos.swiftmodule /Applications/Xcode.app/Contents/Developer/Toolchains/XcodeDefault.xctoolchain/usr/lib/swift/macosx/prebuilt-modules/26.5/Network.swiftmodule/x86_64-apple-macos.swiftmodule /Applications/Xcode.app/Contents/Developer/Toolchains/XcodeDefault.xctoolchain/usr/lib/swift/macosx/prebuilt-modules/26.5/SwiftUICore.swiftmodule/x86_64-apple-macos.swiftmodule /Applications/Xcode.app/Contents/Developer/Toolchains/XcodeDefault.xctoolchain/usr/lib/swift/macosx/prebuilt-modules/26.5/CoreGraphics.swiftmodule/x86_64-apple-macos.swiftmodule /Applications/Xcode.app/Contents/Developer/Toolchains/XcodeDefault.xctoolchain/usr/lib/swift/macosx/prebuilt-modules/26.5/OSLog.swiftmodule/x86_64-apple-macos.swiftmodule /Applications/Xcode.app/Contents/Developer/Toolchains/XcodeDefault.xctoolchain/usr/lib/swift/macosx/prebuilt-modules/26.5/CloudKit.swiftmodule/x86_64-apple-macos.swiftmodule /Applications/Xcode.app/Contents/Developer/Toolchains/XcodeDefault.xctoolchain/usr/lib/swift/macosx/prebuilt-modules/26.5/Darwin.swiftmodule/x86_64-apple-macos.swiftmodule /Applications/Xcode.app/Contents/Developer/Toolchains/XcodeDefault.xctoolchain/usr/lib/swift/macosx/prebuilt-modules/26.5/CoreLocation.swiftmodule/x86_64-apple-macos.swiftmodule /Applications/Xcode.app/Contents/Developer/Toolchains/XcodeDefault.xctoolchain/usr/lib/swift/macosx/prebuilt-modules/26.5/CoreText.swiftmodule/x86_64-apple-macos.swiftmodule /Applications/Xcode.app/Contents/Developer/Toolchains/XcodeDefault.xctoolchain/usr/lib/swift/macosx/prebuilt-modules/26.5/CoreData.swiftmodule/x86_64-apple-macos.swiftmodule /Applications/Xcode.app/Contents/Developer/Toolchains/XcodeDefault.xctoolchain/usr/lib/swift/macosx/prebuilt-modules/26.5/Dispatch.swiftmodule/x86_64-apple-macos.swiftmodule /Applications/Xcode.app/Contents/Developer/Toolchains/XcodeDefault.xctoolchain/usr/lib/swift/macosx/prebuilt-modules/26.5/CoreVideo.swiftmodule/x86_64-apple-macos.swiftmodule /Applications/Xcode.app/Contents/Developer/Toolchains/XcodeDefault.xctoolchain/usr/lib/swift/macosx/prebuilt-modules/26.5/DeveloperToolsSupport.swiftmodule/x86_64-apple-macos.swiftmodule /Applications/Xcode.app/Contents/Developer/Toolchains/XcodeDefault.xctoolchain/usr/lib/swift/macosx/prebuilt-modules/26.5/Swift.swiftmodule/x86_64-apple-macos.swiftmodule /Applications/Xcode.app/Contents/Developer/Toolchains/XcodeDefault.xctoolchain/usr/lib/swift/macosx/prebuilt-modules/26.5/_Builtin_float.swiftmodule/x86_64-apple-macos.swiftmodule /Applications/Xcode.app/Contents/Developer/Toolchains/XcodeDefault.xctoolchain/usr/lib/swift/macosx/prebuilt-modules/26.5/Foundation.swiftmodule/x86_64-apple-macos.swiftmodule /Applications/Xcode.app/Contents/Developer/Toolchains/XcodeDefault.xctoolchain/usr/lib/swift/macosx/prebuilt-modules/26.5/CryptoKit.swiftmodule/x86_64-apple-macos.swiftmodule /Applications/Xcode.app/Contents/Developer/Toolchains/XcodeDefault.xctoolchain/usr/lib/swift/macosx/prebuilt-modules/26.5/AudioToolbox.swiftmodule/x86_64-apple-macos.swiftmodule /Applications/Xcode.app/Contents/Developer/Toolchains/XcodeDefault.xctoolchain/usr/lib/swift/macosx/prebuilt-modules/26.5/XPC.swiftmodule/x86_64-apple-macos.swiftmodule /Applications/Xcode.app/Contents/Developer/Toolchains/XcodeDefault.xctoolchain/usr/lib/swift/macosx/prebuilt-modules/26.5/simd.swiftmodule/x86_64-apple-macos.swiftmodule /Applications/Xcode.app/Contents/Developer/Toolchains/XcodeDefault.xctoolchain/usr/lib/swift/macosx/prebuilt-modules/26.5/CoreMIDI.swiftmodule/x86_64-apple-macos.swiftmodule /Applications/Xcode.app/Contents/Developer/Toolchains/XcodeDefault.xctoolchain/usr/lib/swift/macosx/prebuilt-modules/26.5/CoreMedia.swiftmodule/x86_64-apple-macos.swiftmodule /Applications/Xcode.app/Contents/Developer/Toolchains/XcodeDefault.xctoolchain/usr/lib/swift/macosx/prebuilt-modules/26.5/Spatial.swiftmodule/x86_64-apple-macos.swiftmodule /Applications/Xcode.app/Contents/Developer/Toolchains/XcodeDefault.xctoolchain/usr/lib/swift/macosx/prebuilt-modules/26.5/System.swiftmodule/x86_64-apple-macos.swiftmodule /Applications/Xcode.app/Contents/Developer/Toolchains/XcodeDefault.xctoolchain/usr/lib/swift/macosx/prebuilt-modules/26.5/QuartzCore.swiftmodule/x86_64-apple-macos.swiftmodule /Applications/Xcode.app/Contents/Developer/Toolchains/XcodeDefault.xctoolchain/usr/lib/swift/macosx/prebuilt-modules/26.5/AppKit.swiftmodule/x86_64-apple-macos.swiftmodule /Applications/Xcode.app/Contents/Developer/Toolchains/XcodeDefault.xctoolchain/usr/lib/swift/macosx/prebuilt-modules/26.5/CoreFoundation.swiftmodule/x86_64-apple-macos.swiftmodule /Applications/Xcode.app/Contents/Developer/Toolchains/XcodeDefault.xctoolchain/usr/lib/swift/macosx/prebuilt-modules/26.5/Symbols.swiftmodule/x86_64-apple-macos.swiftmodule /Applications/Xcode.app/Contents/Developer/Toolchains/XcodeDefault.xctoolchain/usr/lib/swift/macosx/prebuilt-modules/26.5/Accessibility.swiftmodule/x86_64-apple-macos.swiftmodule /Applications/Xcode.app/Contents/Developer/Toolchains/XcodeDefault.xctoolchain/usr/lib/swift/macosx/prebuilt-modules/26.5/Synchronization.swiftmodule/x86_64-apple-macos.swiftmodule /Users/matthieumisiraca/Library/Developer/Xcode/DerivedData/ModuleCache.noindex/OSLog-CE2Y04RKCEYG91MP7GSM0XCP.pcm /Users/matthieumisiraca/Library/Developer/Xcode/DerivedData/ModuleCache.noindex/_Builtin_stdbool-8UB064PASR3VA57P2IWZBL37D.pcm /Users/matthieumisiraca/Library/Developer/Xcode/DerivedData/ModuleCache.noindex/AVFoundation-A5DBKNHZ9D18TP7RX9K7G9B0.pcm /Users/matthieumisiraca/Library/Developer/Xcode/DerivedData/ModuleCache.noindex/sys_types-80B10SFNOVPJZYPL01O6EVMHR.pcm /Users/matthieumisiraca/Library/Developer/Xcode/DerivedData/ModuleCache.noindex/CoreText-9Z23PGUGXP9XLY97C5GCXCTK2.pcm /Users/matthieumisiraca/Library/Developer/Xcode/DerivedData/ModuleCache.noindex/os_object-40U56T1MPJWRW8YC4MQ2JZVQX.pcm /Users/matthieumisiraca/Library/Developer/Xcode/DerivedData/ModuleCache.noindex/libkern-8VHWMEY8JID70YTC8J0IXMOXC.pcm /Users/matthieumisiraca/Library/Developer/Xcode/DerivedData/ModuleCache.noindex/Network-5RYP1U6AWS1DEJWRM5DSFE4V4.pcm /Users/matthieumisiraca/Library/Developer/Xcode/DerivedData/ModuleCache.noindex/LocalAuthentication-BEXTBRBF2JIYR6C6B4GMRXDPR.pcm /Users/matthieumisiraca/Library/Developer/Xcode/DerivedData/MisiCopy-ejbrxwynvlcuzmaseszgazwfdqpc/Build/Intermediates.noindex/ArchiveIntermediates/MisiCopy/IntermediateBuildFilesPath/SwiftExplicitPrecompiledModules/Sparkle-1JT7AZ0BDKAMWIRTYM8RG90T8.pcm /Users/matthieumisiraca/Library/Developer/Xcode/DerivedData/ModuleCache.noindex/CoreData-BJ08T29JAR68LK7JPIJLVFSGR.pcm /Users/matthieumisiraca/Library/Developer/Xcode/DerivedData/ModuleCache.noindex/UniformTypeIdentifiers-D1QBYT5PCRJ0S1LNT8235SX09.pcm /Users/matthieumisiraca/Library/Developer/Xcode/DerivedData/ModuleCache.noindex/os_workgroup-6BY9V7A5P2HP8ERS55UG9N8V8.pcm /Users/matthieumisiraca/Library/Developer/Xcode/DerivedData/ModuleCache.noindex/_Builtin_tgmath-4COPXMSRO1NEL3B9KI1243IMR.pcm /Users/matthieumisiraca/Library/Developer/Xcode/DerivedData/ModuleCache.noindex/CoreMedia-AKCDRR4IV52NMMAT0701Z0ACP.pcm /Users/matthieumisiraca/Library/Developer/Xcode/DerivedData/ModuleCache.noindex/dnssd-5FHF1YKME1GYDNICBU7FGIPW1.pcm /Users/matthieumisiraca/Library/Developer/Xcode/DerivedData/ModuleCache.noindex/CoreAudioTypes-4DJGYPCRZN9ZQEQCGBT2BFC2R.pcm /Users/matthieumisiraca/Library/Developer/Xcode/DerivedData/ModuleCache.noindex/Spatial-3YSC47WEACWU5KX39IIOIJVWJ.pcm /Users/matthieumisiraca/Library/Developer/Xcode/DerivedData/ModuleCache.noindex/UserNotifications-1IU4Y7FUUWTD3NUQJXJHU2UCA.pcm /Users/matthieumisiraca/Library/Developer/Xcode/DerivedData/ModuleCache.noindex/DataDetection-DNA92RJCEW2LXWO8EOIASETT7.pcm /Users/matthieumisiraca/Library/Developer/Xcode/DerivedData/ModuleCache.noindex/CoreServices-DZ2N9CGABJ84473I198D9RYOD.pcm /Users/matthieumisiraca/Library/Developer/Xcode/DerivedData/ModuleCache.noindex/ObjectiveC-EB1CBF0PEEM066G03BFYWEBP2.pcm /Users/matthieumisiraca/Library/Developer/Xcode/DerivedData/ModuleCache.noindex/Foundation-3RSDR2X6BGVB0688BIOILJGRD.pcm /Users/matthieumisiraca/Library/Developer/Xcode/DerivedData/ModuleCache.noindex/_Builtin_stdatomic-AYN7U2G9AF1MR188B1F6A39E7.pcm /Users/matthieumisiraca/Library/Developer/Xcode/DerivedData/ModuleCache.noindex/Symbols-EQAWNIZ5N2SFEXS3JBJ7KSLX5.pcm /Users/matthieumisiraca/Library/Developer/Xcode/DerivedData/ModuleCache.noindex/AppKit-EBF0X8RKBP0RF1MW4DM9AGRKO.pcm /Users/matthieumisiraca/Library/Developer/Xcode/DerivedData/ModuleCache.noindex/_Builtin_float-5RBGIGBWQAWJRD5O9YD0KFS1H.pcm /Users/matthieumisiraca/Library/Developer/Xcode/DerivedData/ModuleCache.noindex/CoreVideo-7YZOIGJ6SAKA5S72P47PTWDK1.pcm /Users/matthieumisiraca/Library/Developer/Xcode/DerivedData/ModuleCache.noindex/os-5G05854Z4W61MNCG116J1IA6R.pcm /Users/matthieumisiraca/Library/Developer/Xcode/DerivedData/ModuleCache.noindex/AudioToolbox-B7NJA5H0CPUZBQ0VGJ1HH2RAH.pcm /Users/matthieumisiraca/Library/Developer/Xcode/DerivedData/ModuleCache.noindex/CoreMIDI-JQ6XFYX53FPKMMVD1I44UR1P.pcm /Users/matthieumisiraca/Library/Developer/Xcode/DerivedData/ModuleCache.noindex/_DarwinFoundation2-SUWEKOZ5R1CUIEWHBWRWVCRA.pcm /Users/matthieumisiraca/Library/Developer/Xcode/DerivedData/ModuleCache.noindex/_Builtin_stdarg-A9YREYKMS96UL9G7Y8H1EJKAW.pcm /Users/matthieumisiraca/Library/Developer/Xcode/DerivedData/ModuleCache.noindex/_DarwinFoundation1-9KYSQ0D188PJQYSTFNDM4Y2EL.pcm /Users/matthieumisiraca/Library/Developer/Xcode/DerivedData/ModuleCache.noindex/AVFAudio-B3J917GPK2A5YKWX8B1B64SHY.pcm /Users/matthieumisiraca/Library/Developer/Xcode/DerivedData/ModuleCache.noindex/ColorSync-5MC4SHI69CRJ807URSX2Q2C46.pcm /Users/matthieumisiraca/Library/Developer/Xcode/DerivedData/ModuleCache.noindex/ApplicationServices-DJIGWZHWCT2NUZN3ZWHLNKJUO.pcm /Users/matthieumisiraca/Library/Developer/Xcode/DerivedData/ModuleCache.noindex/Carbon-B6ZLTU0774NON6GJ58671QMG2.pcm /Users/matthieumisiraca/Library/Developer/Xcode/DerivedData/ModuleCache.noindex/ptrcheck-5CU0KCTSPAX6HSVEZZDCQMP3T.pcm /Users/matthieumisiraca/Library/Developer/Xcode/DerivedData/ModuleCache.noindex/Security-18D8P0XS91NLTF8REFHB95FTJ.pcm /Users/matthieumisiraca/Library/Developer/Xcode/DerivedData/ModuleCache.noindex/CoreGraphics-1J039P0P1HWMJMR21BAT0XY39.pcm /Users/matthieumisiraca/Library/Developer/Xcode/DerivedData/ModuleCache.noindex/_Builtin_intrinsics-8XT57L1H4LY5RZJKDNCFCAO9H.pcm /Users/matthieumisiraca/Library/Developer/Xcode/DerivedData/ModuleCache.noindex/_LocationEssentials-1REV3G4DQ3N95BT4FNB4TGYJL.pcm /Users/matthieumisiraca/Library/Developer/Xcode/DerivedData/ModuleCache.noindex/_Builtin_stddef-DZC6WSGYT3YVJ67TVK5EPN4ZS.pcm /Users/matthieumisiraca/Library/Developer/Xcode/DerivedData/ModuleCache.noindex/CoreFoundation-2SE7P20XAB2TMMMN1XF2Y6RRP.pcm /Users/matthieumisiraca/Library/Developer/Xcode/DerivedData/ModuleCache.noindex/launch-1HL48P82VH6UTTLN6LL7W1RN4.pcm /Users/matthieumisiraca/Library/Developer/Xcode/DerivedData/ModuleCache.noindex/XPC-4S1L7WZ4T0JDRG3E88CSMN8N2.pcm /Users/matthieumisiraca/Library/Developer/Xcode/DerivedData/ModuleCache.noindex/Accessibility-CJK01W77CIXQHJZV1G1HOL6YO.pcm /Users/matthieumisiraca/Library/Developer/Xcode/DerivedData/ModuleCache.noindex/_Builtin_limits-EWOSIQ8XE6EK4F4NAT9GJJ4LS.pcm /Users/matthieumisiraca/Library/Developer/Xcode/DerivedData/ModuleCache.noindex/DiskArbitration-5NY01KFPY0REN97MHOVV2OSZM.pcm /Users/matthieumisiraca/Library/Developer/Xcode/DerivedData/ModuleCache.noindex/ptrauth-9FYYEQF0KFJEXKC87LS9KNYA9.pcm /Users/matthieumisiraca/Library/Developer/Xcode/DerivedData/ModuleCache.noindex/_Builtin_stdint-AY95MO1NQT0GKH0LJ9GVCEHE5.pcm /Users/matthieumisiraca/Library/Developer/Xcode/DerivedData/ModuleCache.noindex/IOKit-CLHPNZKBPAD2501EGX8F1WOWO.pcm /Users/matthieumisiraca/Library/Developer/Xcode/DerivedData/ModuleCache.noindex/_SwiftConcurrencyShims-29EVJANVDDJ5PPS2DFR8B3ZQ8.pcm /Users/matthieumisiraca/Library/Developer/Xcode/DerivedData/ModuleCache.noindex/IOSurface-98X7OTIGZJR8RVYHFS382XLAI.pcm /Users/matthieumisiraca/Library/Developer/Xcode/DerivedData/ModuleCache.noindex/SwiftShims-DIW6IVGHZ1ZIW2P0G4F38AIAD.pcm /Users/matthieumisiraca/Library/Developer/Xcode/DerivedData/ModuleCache.noindex/CFNetwork-APKX9OR9YA23BXDNTZ0KU534V.pcm /Users/matthieumisiraca/Library/Developer/Xcode/DerivedData/ModuleCache.noindex/CoreImage-5W0DPNZUCUQCON10C8CZPSE60.pcm /Users/matthieumisiraca/Library/Developer/Xcode/DerivedData/ModuleCache.noindex/_DarwinFoundation3-CVAJBPID53C0BQ5H8F0J5BLT4.pcm /Users/matthieumisiraca/Library/Developer/Xcode/DerivedData/ModuleCache.noindex/ImageIO-5A829N77ISDIQIVAITY70HHFH.pcm /Users/matthieumisiraca/Library/Developer/Xcode/DerivedData/ModuleCache.noindex/OpenGL-6DIK5AHIA0YWDO2WHRQQT8H5W.pcm /Users/matthieumisiraca/Library/Developer/Xcode/DerivedData/ModuleCache.noindex/CoreLocation-31MA0T3GQM10XCEVDZAZVJUJJ.pcm /Users/matthieumisiraca/Library/Developer/Xcode/DerivedData/ModuleCache.noindex/SwiftUICore-AQVPV3FYYTL4FWFTGPKYGHYVY.pcm /Users/matthieumisiraca/Library/Developer/Xcode/DerivedData/ModuleCache.noindex/_AvailabilityInternal-BBTGY2CBQHBI8U8NZBIMGAXD3.pcm /Users/matthieumisiraca/Library/Developer/Xcode/DerivedData/ModuleCache.noindex/DeveloperToolsSupport-B70H0J9BGZYFI6TUATAAHIZ3W.pcm /Users/matthieumisiraca/Library/Developer/Xcode/DerivedData/ModuleCache.noindex/QuartzCore-DAD98MIFQHKWHHW47Z6YSA21V.pcm /Users/matthieumisiraca/Library/Developer/Xcode/DerivedData/ModuleCache.noindex/CoreAudio-VD4PSQT10T7XEPZPK9GTMY2G.pcm /Users/matthieumisiraca/Library/Developer/Xcode/DerivedData/ModuleCache.noindex/libDER-671PFPVYEDKXNKOQZ9LP30LRI.pcm /Users/matthieumisiraca/Library/Developer/Xcode/DerivedData/ModuleCache.noindex/simd-AUYTELRYP8FGM246PBMHQ5SBH.pcm /Users/matthieumisiraca/Library/Developer/Xcode/DerivedData/ModuleCache.noindex/CUPS-38T7A3Q4LYMN75SYBNI3LBOU9.pcm /Users/matthieumisiraca/Library/Developer/Xcode/DerivedData/ModuleCache.noindex/MachO-AE284P1GEF6C1TM9WI7H4RPQM.pcm /Users/matthieumisiraca/Library/Developer/Xcode/DerivedData/ModuleCache.noindex/MediaToolbox-11TBVM8URCUIM1TLW9USXT8IV.pcm /Users/matthieumisiraca/Library/Developer/Xcode/DerivedData/ModuleCache.noindex/CloudKit-9A8JBRTPV4OJU5JS02QQX1VD6.pcm /Users/matthieumisiraca/Library/Developer/Xcode/DerivedData/ModuleCache.noindex/Metal-F4EEEVI0PI2714ETWIMNY7OWU.pcm /Users/matthieumisiraca/Library/Developer/Xcode/DerivedData/ModuleCache.noindex/SwiftUI-8Q2DAP9A3PPMB3LGN4XUL4FIK.pcm /Users/matthieumisiraca/Library/Developer/Xcode/DerivedData/ModuleCache.noindex/Dispatch-F2Y5EKVR7KMY5YJNI5Q83UA7E.pcm /Users/matthieumisiraca/Library/Developer/Xcode/DerivedData/ModuleCache.noindex/_Builtin_inttypes-8MDGNV80YOP77P9E8DB7UEH4T.pcm /Users/matthieumisiraca/Library/Developer/Xcode/DerivedData/ModuleCache.noindex/Darwin-CC2KLZQGZ7QO9F3OSJ0S808FU.pcm /Users/matthieumisiraca/Library/Developer/Xcode/DerivedData/ModuleCache.noindex/CoreTransferable-9AQ02JC4WRLLIYGM4NZ6I3SZ3.pcm /Users/matthieumisiraca/Library/Developer/Xcode/DerivedData/MisiCopy-ejbrxwynvlcuzmaseszgazwfdqpc/Build/Intermediates.noindex/ArchiveIntermediates/MisiCopy/IntermediateBuildFilesPath/MisiCopy.build/Release/MisiCopy.build/Objects-normal/x86_64/MisiCopy-dependencies-1.json (in target 'MisiCopy' from project 'MisiCopy')

CompileSwift normal x86_64 (in target 'MisiCopy' from project 'MisiCopy')
    cd /Users/matthieumisiraca/Desktop/MisiCopy
    
/Users/matthieumisiraca/Desktop/MisiCopy/MisiCopy/Engine/ASCMHLExporter.swift:33:33: warning: call to main actor-isolated static method 'escape' in a synchronous nonisolated context
        xml += "    <hostname>\(escape(host))</hostname>\n"
                                ^
/Users/matthieumisiraca/Desktop/MisiCopy/MisiCopy/Engine/ASCMHLExporter.swift:73:25: note: calls to static method 'escape' from outside of its actor context are implicitly asynchronous
    private static func escape(_ s: String) -> String {
                        ^
/Users/matthieumisiraca/Desktop/MisiCopy/MisiCopy/Engine/ASCMHLExporter.swift:36:31: warning: call to main actor-isolated static method 'escape' in a synchronous nonisolated context
        xml += "      <name>\(escape(user))</name>\n"
                              ^
/Users/matthieumisiraca/Desktop/MisiCopy/MisiCopy/Engine/ASCMHLExporter.swift:73:25: note: calls to static method 'escape' from outside of its actor context are implicitly asynchronous
    private static func escape(_ s: String) -> String {
                        ^
/Users/matthieumisiraca/Desktop/MisiCopy/MisiCopy/Engine/ASCMHLExporter.swift:51:57: warning: call to main actor-isolated static method 'escape' in a synchronous nonisolated context
            xml += "      <path size=\"\(file.size)\">\(escape(file.relativePath))</path>\n"
                                                        ^
/Users/matthieumisiraca/Desktop/MisiCopy/MisiCopy/Engine/ASCMHLExporter.swift:73:25: note: calls to static method 'escape' from outside of its actor context are implicitly asynchronous
    private static func escape(_ s: String) -> String {
                        ^
/Users/matthieumisiraca/Desktop/MisiCopy/MisiCopy/Engine/ASCMHLExporter.swift:53:44: warning: main actor-isolated property 'mhlTag' can not be referenced from a nonisolated context
                xml += "      <\(algorithm.mhlTag) action=\"verified\" hashdate=\"\(iso.string(from: endDate))\">\(checksum)</\(algorithm.mhlTag)>\n"
                                           ^
/Users/matthieumisiraca/Desktop/MisiCopy/MisiCopy/Models/ChecksumAlgorithm.swift:30:9: note: property declared here
    var mhlTag: String {
        ^
/Users/matthieumisiraca/Desktop/MisiCopy/MisiCopy/Engine/ASCMHLExporter.swift:53:139: warning: main actor-isolated property 'mhlTag' can not be referenced from a nonisolated context
                xml += "      <\(algorithm.mhlTag) action=\"verified\" hashdate=\"\(iso.string(from: endDate))\">\(checksum)</\(algorithm.mhlTag)>\n"
                                                                                                                                          ^
/Users/matthieumisiraca/Desktop/MisiCopy/MisiCopy/Models/ChecksumAlgorithm.swift:30:9: note: property declared here
    var mhlTag: String {
        ^
/Users/matthieumisiraca/Desktop/MisiCopy/MisiCopy/Engine/ASCMHLExporter.swift:62:44: warning: call to main actor-isolated static method 'escape' in a synchronous nonisolated context
            xml += "    <hashlist path=\"\(escape(source.path(percentEncoded: false)))\" role=\"source\"/>\n"
                                           ^
/Users/matthieumisiraca/Desktop/MisiCopy/MisiCopy/Engine/ASCMHLExporter.swift:73:25: note: calls to static method 'escape' from outside of its actor context are implicitly asynchronous
    private static func escape(_ s: String) -> String {
                        ^
/Users/matthieumisiraca/Desktop/MisiCopy/MisiCopy/Engine/ASCMHLExporter.swift:65:44: warning: call to main actor-isolated static method 'escape' in a synchronous nonisolated context
            xml += "    <hashlist path=\"\(escape(destination.path))\" role=\"destination\"/>\n"
                                           ^
/Users/matthieumisiraca/Desktop/MisiCopy/MisiCopy/Engine/ASCMHLExporter.swift:73:25: note: calls to static method 'escape' from outside of its actor context are implicitly asynchronous
    private static func escape(_ s: String) -> String {
                        ^
/Users/matthieumisiraca/Desktop/MisiCopy/MisiCopy/Engine/ASCMHLExporter.swift:65:63: warning: main actor-isolated property 'path' can not be referenced from a nonisolated context
            xml += "    <hashlist path=\"\(escape(destination.path))\" role=\"destination\"/>\n"
                                                              ^
/Users/matthieumisiraca/Desktop/MisiCopy/MisiCopy/Models/Destination.swift:19:9: note: property declared here
    var path: String { url.path(percentEncoded: false) }
        ^
/Users/matthieumisiraca/Desktop/MisiCopy/MisiCopy/Engine/ChecksumCalculator.swift:39:35: warning: call to main actor-isolated initializer 'init()' in a synchronous nonisolated context
             .xxhash3_128: xxh3 = XXH3State()
                                  ^
/Users/matthieumisiraca/Desktop/MisiCopy/MisiCopy/Engine/XXH3.swift:330:5: note: calls to initializer 'init()' from outside of its actor context are implicitly asynchronous
    init() {}
    ^
/Users/matthieumisiraca/Desktop/MisiCopy/MisiCopy/Engine/ChecksumCalculator.swift:57:27: warning: call to main actor-isolated instance method 'update(bytes:count:)' in a synchronous nonisolated context
                    xxh3!.update(bytes: base.assumingMemoryBound(to: UInt8.self), count: data.count)
                          ^
/Users/matthieumisiraca/Desktop/MisiCopy/MisiCopy/Engine/XXH3.swift:332:19: note: calls to instance method 'update(bytes:count:)' from outside of its actor context are implicitly asynchronous
    mutating func update(bytes: UnsafePointer<UInt8>, count: Int) {
                  ^
/Users/matthieumisiraca/Desktop/MisiCopy/MisiCopy/Engine/ChecksumCalculator.swift:69:66: warning: call to main actor-isolated instance method 'digest64()' in a synchronous nonisolated context
        case .xxhash3_64: return String(format: "%016llx", xxh3!.digest64())
                                                                 ^
/Users/matthieumisiraca/Desktop/MisiCopy/MisiCopy/Engine/XXH3.swift:429:10: note: calls to instance method 'digest64()' from outside of its actor context are implicitly asynchronous
    func digest64() -> UInt64 {
         ^
/Users/matthieumisiraca/Desktop/MisiCopy/MisiCopy/Engine/ChecksumCalculator.swift:71:27: warning: call to main actor-isolated instance method 'digest128()' in a synchronous nonisolated context
            let r = xxh3!.digest128()
                          ^
/Users/matthieumisiraca/Desktop/MisiCopy/MisiCopy/Engine/XXH3.swift:480:10: note: calls to instance method 'digest128()' from outside of its actor context are implicitly asynchronous
    func digest128() -> (high: UInt64, low: UInt64) {
         ^
/Users/matthieumisiraca/Desktop/MisiCopy/MisiCopy/Engine/ChecksumCalculator.swift:121:21: warning: call to main actor-isolated initializer 'init()' in a synchronous nonisolated context
        var state = XXH3State()
                    ^
/Users/matthieumisiraca/Desktop/MisiCopy/MisiCopy/Engine/XXH3.swift:330:5: note: calls to initializer 'init()' from outside of its actor context are implicitly asynchronous
    init() {}
    ^
/Users/matthieumisiraca/Desktop/MisiCopy/MisiCopy/Engine/ChecksumCalculator.swift:131:31: warning: call to main actor-isolated instance method 'update(bytes:count:)' in a synchronous nonisolated context
                        state.update(bytes: base.assumingMemoryBound(to: UInt8.self), count: data.count)
                              ^
/Users/matthieumisiraca/Desktop/MisiCopy/MisiCopy/Engine/XXH3.swift:332:19: note: calls to instance method 'update(bytes:count:)' from outside of its actor context are implicitly asynchronous
    mutating func update(bytes: UnsafePointer<UInt8>, count: Int) {
                  ^
/Users/matthieumisiraca/Desktop/MisiCopy/MisiCopy/Engine/ChecksumCalculator.swift:139:48: warning: call to main actor-isolated instance method 'digest64()' in a synchronous nonisolated context
        return String(format: "%016llx", state.digest64())
                                               ^
/Users/matthieumisiraca/Desktop/MisiCopy/MisiCopy/Engine/XXH3.swift:429:10: note: calls to instance method 'digest64()' from outside of its actor context are implicitly asynchronous
    func digest64() -> UInt64 {
         ^
/Users/matthieumisiraca/Desktop/MisiCopy/MisiCopy/Engine/ChecksumCalculator.swift:147:21: warning: call to main actor-isolated initializer 'init()' in a synchronous nonisolated context
        var state = XXH3State()
                    ^
/Users/matthieumisiraca/Desktop/MisiCopy/MisiCopy/Engine/XXH3.swift:330:5: note: calls to initializer 'init()' from outside of its actor context are implicitly asynchronous
    init() {}
    ^
/Users/matthieumisiraca/Desktop/MisiCopy/MisiCopy/Engine/ChecksumCalculator.swift:154:31: warning: call to main actor-isolated instance method 'update(bytes:count:)' in a synchronous nonisolated context
                        state.update(bytes: base.assumingMemoryBound(to: UInt8.self), count: data.count)
                              ^
/Users/matthieumisiraca/Desktop/MisiCopy/MisiCopy/Engine/XXH3.swift:332:19: note: calls to instance method 'update(bytes:count:)' from outside of its actor context are implicitly asynchronous
    mutating func update(bytes: UnsafePointer<UInt8>, count: Int) {
                  ^
/Users/matthieumisiraca/Desktop/MisiCopy/MisiCopy/Engine/ChecksumCalculator.swift:162:28: warning: call to main actor-isolated instance method 'digest128()' in a synchronous nonisolated context
        let result = state.digest128()
                           ^
/Users/matthieumisiraca/Desktop/MisiCopy/MisiCopy/Engine/XXH3.swift:480:10: note: calls to instance method 'digest128()' from outside of its actor context are implicitly asynchronous
    func digest128() -> (high: UInt64, low: UInt64) {
         ^
/Users/matthieumisiraca/Desktop/MisiCopy/MisiCopy/Engine/ChecksumCalculator.swift:287:17: warning: call to main actor-isolated global function 'rotl' in a synchronous nonisolated context
            h = rotl(v1, 1) &+ rotl(v2, 7) &+ rotl(v3, 12) &+ rotl(v4, 18)
                ^
/Users/matthieumisiraca/Desktop/MisiCopy/MisiCopy/Engine/ChecksumCalculator.swift:372:14: note: calls to global function 'rotl' from outside of its actor context are implicitly asynchronous
private func rotl(_ x: UInt64, _ r: UInt64) -> UInt64 {
             ^
/Users/matthieumisiraca/Desktop/MisiCopy/MisiCopy/Engine/ChecksumCalculator.swift:287:32: warning: call to main actor-isolated global function 'rotl' in a synchronous nonisolated context
            h = rotl(v1, 1) &+ rotl(v2, 7) &+ rotl(v3, 12) &+ rotl(v4, 18)
                               ^
/Users/matthieumisiraca/Desktop/MisiCopy/MisiCopy/Engine/ChecksumCalculator.swift:372:14: note: calls to global function 'rotl' from outside of its actor context are implicitly asynchronous
private func rotl(_ x: UInt64, _ r: UInt64) -> UInt64 {
             ^
/Users/matthieumisiraca/Desktop/MisiCopy/MisiCopy/Engine/ChecksumCalculator.swift:287:47: warning: call to main actor-isolated global function 'rotl' in a synchronous nonisolated context
            h = rotl(v1, 1) &+ rotl(v2, 7) &+ rotl(v3, 12) &+ rotl(v4, 18)
                                              ^
/Users/matthieumisiraca/Desktop/MisiCopy/MisiCopy/Engine/ChecksumCalculator.swift:372:14: note: calls to global function 'rotl' from outside of its actor context are implicitly asynchronous
private func rotl(_ x: UInt64, _ r: UInt64) -> UInt64 {
             ^
/Users/matthieumisiraca/Desktop/MisiCopy/MisiCopy/Engine/ChecksumCalculator.swift:287:63: warning: call to main actor-isolated global function 'rotl' in a synchronous nonisolated context
            h = rotl(v1, 1) &+ rotl(v2, 7) &+ rotl(v3, 12) &+ rotl(v4, 18)
                                                              ^
/Users/matthieumisiraca/Desktop/MisiCopy/MisiCopy/Engine/ChecksumCalculator.swift:372:14: note: calls to global function 'rotl' from outside of its actor context are implicitly asynchronous
private func rotl(_ x: UInt64, _ r: UInt64) -> UInt64 {
             ^
/Users/matthieumisiraca/Desktop/MisiCopy/MisiCopy/Engine/ChecksumCalculator.swift:306:17: warning: call to main actor-isolated global function 'rotl' in a synchronous nonisolated context
            h = rotl(h, 27) &* Self.p1 &+ Self.p4
                ^
/Users/matthieumisiraca/Desktop/MisiCopy/MisiCopy/Engine/ChecksumCalculator.swift:372:14: note: calls to global function 'rotl' from outside of its actor context are implicitly asynchronous
private func rotl(_ x: UInt64, _ r: UInt64) -> UInt64 {
             ^
/Users/matthieumisiraca/Desktop/MisiCopy/MisiCopy/Engine/ChecksumCalculator.swift:315:17: warning: call to main actor-isolated global function 'rotl' in a synchronous nonisolated context
            h = rotl(h, 23) &* Self.p2 &+ Self.p3
                ^
/Users/matthieumisiraca/Desktop/MisiCopy/MisiCopy/Engine/ChecksumCalculator.swift:372:14: note: calls to global function 'rotl' from outside of its actor context are implicitly asynchronous
private func rotl(_ x: UInt64, _ r: UInt64) -> UInt64 {
             ^
/Users/matthieumisiraca/Desktop/MisiCopy/MisiCopy/Engine/ChecksumCalculator.swift:320:17: warning: call to main actor-isolated global function 'rotl' in a synchronous nonisolated context
            h = rotl(h, 11) &* Self.p1
                ^
/Users/matthieumisiraca/Desktop/MisiCopy/MisiCopy/Engine/ChecksumCalculator.swift:372:14: note: calls to global function 'rotl' from outside of its actor context are implicitly asynchronous
private func rotl(_ x: UInt64, _ r: UInt64) -> UInt64 {
             ^
/Users/matthieumisiraca/Desktop/MisiCopy/MisiCopy/Engine/ChecksumCalculator.swift:336:13: warning: call to main actor-isolated global function 'rotl' in a synchronous nonisolated context
        a = rotl(a, 31)
            ^
/Users/matthieumisiraca/Desktop/MisiCopy/MisiCopy/Engine/ChecksumCalculator.swift:372:14: note: calls to global function 'rotl' from outside of its actor context are implicitly asynchronous
private func rotl(_ x: UInt64, _ r: UInt64) -> UInt64 {
             ^
/Users/matthieumisiraca/Desktop/MisiCopy/MisiCopy/Engine/ChecksumCalculator.swift:334:25: note: add '@MainActor' to make static method 'round' part of global actor 'MainActor'
    private static func round(_ acc: UInt64, _ input: UInt64) -> UInt64 {
                        ^
    @MainActor 
/Users/matthieumisiraca/Desktop/MisiCopy/MisiCopy/Engine/CloudChannelPublisher.swift:79:34: warning: reference to captured var 'self' in concurrently-executing code; this is an error in the Swift 6 language mode
            Task { @MainActor in self?.tick() }
                                 ^
/Users/matthieumisiraca/Desktop/MisiCopy/MisiCopy/Engine/CopyEngine.swift:367:13: warning: 'nonisolated(unsafe)' has no effect on property 'volumeObservers', consider using 'nonisolated'
    private nonisolated(unsafe) var volumeObservers: [Any] = []
            ^~~~~~~~~~~
            nonisolated
/Users/matthieumisiraca/Desktop/MisiCopy/MisiCopy/Engine/CopyEngine.swift:1667:46: warning: main actor-isolated static method 'write' cannot be called from outside of the actor; this is an error in the Swift 6 language mode
                let url = PDFReportGenerator.write(job.input)
                          ~~~~~~~~~~~~~~~~~~~^~~~~~~~~~~~~~~~
                          await 
/Users/matthieumisiraca/Desktop/MisiCopy/MisiCopy/Engine/CopyEngine.swift:1677:47: warning: main actor-isolated static method 'makeXML(source:destinations:files:algorithm:startDate:endDate:)' cannot be called from outside of the actor; this is an error in the Swift 6 language mode
                        let xml = MHLExporter.makeXML(
                                  ~~~~~~~~~~~~^~~~~~~~
                                  await 
/Users/matthieumisiraca/Desktop/MisiCopy/MisiCopy/Engine/CopyEngine.swift:1785:42: warning: reference to captured var 'self' in concurrently-executing code; this is an error in the Swift 6 language mode
                    Task { @MainActor in self?.applyChunk(delta) }
                                         ^
/Users/matthieumisiraca/Desktop/MisiCopy/MisiCopy/Engine/CopyEngine.swift:2090:46: warning: reference to captured var 'self' in concurrently-executing code; this is an error in the Swift 6 language mode
                        Task { @MainActor in self?.applyChunk(delta) }
                                             ^
/Users/matthieumisiraca/Desktop/MisiCopy/MisiCopy/Engine/CopyEngine.swift:2153:34: warning: reference to captured var 'self' in concurrently-executing code; this is an error in the Swift 6 language mode
            Task { @MainActor in self?.applyVerifyChunk(delta) }
                                 ^
/Users/matthieumisiraca/Desktop/MisiCopy/MisiCopy/Engine/CopyEngine.swift:2161:34: warning: reference to captured var 'self' in concurrently-executing code; this is an error in the Swift 6 language mode
            Task { @MainActor in self?.applyChunk(delta) }
                                 ^
/Users/matthieumisiraca/Desktop/MisiCopy/MisiCopy/Engine/CopyEngine.swift:2866:63: warning: capture of 'note' with non-Sendable type 'Notification' in a '@Sendable' closure; this is an error in the Swift 6 language mode
            Task { @MainActor in self.handleVolumeMount(note: note) }
                                                              ^
Foundation.Notification:2:15: note: struct 'Notification' does not conform to the 'Sendable' protocol
public struct Notification : ReferenceConvertible, Equatable, Hashable {
              ^
/Users/matthieumisiraca/Desktop/MisiCopy/MisiCopy/Engine/CopyEngine.swift:2873:65: warning: capture of 'note' with non-Sendable type 'Notification' in a '@Sendable' closure; this is an error in the Swift 6 language mode
            Task { @MainActor in self.handleVolumeUnmount(note: note) }
                                                                ^
Foundation.Notification:2:15: note: struct 'Notification' does not conform to the 'Sendable' protocol
public struct Notification : ReferenceConvertible, Equatable, Hashable {
              ^
/Users/matthieumisiraca/Desktop/MisiCopy/MisiCopy/Engine/CopyEngine.swift:3014:13: warning: initialization of immutable value 'workspace' was never used; consider replacing with assignment to '_' or removing it
        let workspace = NSWorkspace.shared
        ~~~~^~~~~~~~~
        _
/Users/matthieumisiraca/Desktop/MisiCopy/MisiCopy/Engine/CopyEngine.swift:3092:34: warning: reference to captured var 'self' in concurrently-executing code; this is an error in the Swift 6 language mode
            Task { @MainActor in self?.notificationsAuthorized = granted }
                                 ^
/Users/matthieumisiraca/Desktop/MisiCopy/MisiCopy/Engine/CSVExporter.swift:32:17: warning: call to main actor-isolated static method 'escape' in a synchronous nonisolated context
                escape(file.displayName),
                ^
/Users/matthieumisiraca/Desktop/MisiCopy/MisiCopy/Engine/CSVExporter.swift:46:25: note: calls to static method 'escape' from outside of its actor context are implicitly asynchronous
    private static func escape(_ s: String) -> String {
                        ^
/Users/matthieumisiraca/Desktop/MisiCopy/MisiCopy/Engine/CSVExporter.swift:32:29: warning: main actor-isolated property 'displayName' can not be referenced from a nonisolated context
                escape(file.displayName),
                            ^
/Users/matthieumisiraca/Desktop/MisiCopy/MisiCopy/Models/FileItem.swift:33:9: note: property declared here
    var displayName: String { sourceURL.lastPathComponent }
        ^
/Users/matthieumisiraca/Desktop/MisiCopy/MisiCopy/Engine/CSVExporter.swift:33:17: warning: call to main actor-isolated static method 'escape' in a synchronous nonisolated context
                escape(file.relativePath),
                ^
/Users/matthieumisiraca/Desktop/MisiCopy/MisiCopy/Engine/CSVExporter.swift:46:25: note: calls to static method 'escape' from outside of its actor context are implicitly asynchronous
    private static func escape(_ s: String) -> String {
                        ^
/Users/matthieumisiraca/Desktop/MisiCopy/MisiCopy/Engine/CSVExporter.swift:35:17: warning: call to main actor-isolated static method 'escape' in a synchronous nonisolated context
                escape(bytesFmt.string(fromByteCount: file.size)),
                ^
/Users/matthieumisiraca/Desktop/MisiCopy/MisiCopy/Engine/CSVExporter.swift:46:25: note: calls to static method 'escape' from outside of its actor context are implicitly asynchronous
    private static func escape(_ s: String) -> String {
                        ^
/Users/matthieumisiraca/Desktop/MisiCopy/MisiCopy/Engine/CSVExporter.swift:36:35: warning: main actor-isolated property 'shortBadge' can not be referenced from a nonisolated context
                file.cameraFormat.shortBadge,
                                  ^
/Users/matthieumisiraca/Desktop/MisiCopy/MisiCopy/Engine/CameraFormatDetector.swift:39:9: note: property declared here
    var shortBadge: String {
        ^
/Users/matthieumisiraca/Desktop/MisiCopy/MisiCopy/Engine/CSVExporter.swift:38:17: warning: call to main actor-isolated static method 'escape' in a synchronous nonisolated context
                escape(status),
                ^
/Users/matthieumisiraca/Desktop/MisiCopy/MisiCopy/Engine/CSVExporter.swift:46:25: note: calls to static method 'escape' from outside of its actor context are implicitly asynchronous
    private static func escape(_ s: String) -> String {
                        ^
/Users/matthieumisiraca/Desktop/MisiCopy/MisiCopy/Engine/FilenameTemplate.swift:40:15: warning: main actor-isolated property 'isEnabled' can not be referenced from a nonisolated context
        guard isEnabled else { return item.displayName }
              ^
/Users/matthieumisiraca/Desktop/MisiCopy/MisiCopy/Engine/FilenameTemplate.swift:26:9: note: property declared here
    var isEnabled: Bool { !raw.trimmingCharacters(in: .whitespaces).isEmpty }
        ^
/Users/matthieumisiraca/Desktop/MisiCopy/MisiCopy/Engine/FilenameTemplate.swift:40:44: warning: main actor-isolated property 'displayName' can not be referenced from a nonisolated context
        guard isEnabled else { return item.displayName }
                                           ^
/Users/matthieumisiraca/Desktop/MisiCopy/MisiCopy/Models/FileItem.swift:33:9: note: property declared here
    var displayName: String { sourceURL.lastPathComponent }
        ^
/Users/matthieumisiraca/Desktop/MisiCopy/MisiCopy/Engine/FilenameTemplate.swift:42:30: warning: main actor-isolated property 'displayName' can not be referenced from a nonisolated context
        let original = (item.displayName as NSString).deletingPathExtension
                             ^
/Users/matthieumisiraca/Desktop/MisiCopy/MisiCopy/Models/FileItem.swift:33:9: note: property declared here
    var displayName: String { sourceURL.lastPathComponent }
        ^
/Users/matthieumisiraca/Desktop/MisiCopy/MisiCopy/Engine/FilenameTemplate.swift:43:25: warning: main actor-isolated property 'displayName' can not be referenced from a nonisolated context
        let ext = (item.displayName as NSString).pathExtension
                        ^
/Users/matthieumisiraca/Desktop/MisiCopy/MisiCopy/Models/FileItem.swift:33:9: note: property declared here
    var displayName: String { sourceURL.lastPathComponent }
        ^
/Users/matthieumisiraca/Desktop/MisiCopy/MisiCopy/Engine/FilenameTemplate.swift:60:32: warning: main actor-isolated property 'sourceRootName' can not be referenced from a nonisolated context
            "{source}":   item.sourceRootName,
                               ^
/Users/matthieumisiraca/Desktop/MisiCopy/MisiCopy/Models/FileItem.swift:34:9: note: property declared here
    var sourceRootName: String { sourceRoot.lastPathComponent }
        ^
/Users/matthieumisiraca/Desktop/MisiCopy/MisiCopy/Engine/FilenameTemplate.swift:61:45: warning: main actor-isolated property 'shortBadge' can not be referenced from a nonisolated context
            "{camera}":   item.cameraFormat.shortBadge.isEmpty
                                            ^
/Users/matthieumisiraca/Desktop/MisiCopy/MisiCopy/Engine/CameraFormatDetector.swift:39:9: note: property declared here
    var shortBadge: String {
        ^
/Users/matthieumisiraca/Desktop/MisiCopy/MisiCopy/Engine/FilenameTemplate.swift:62:55: warning: main actor-isolated property 'shortBadge' can not be referenced from a nonisolated context
                          ? "RAW" : item.cameraFormat.shortBadge,
                                                      ^
/Users/matthieumisiraca/Desktop/MisiCopy/MisiCopy/Engine/CameraFormatDetector.swift:39:9: note: property declared here
    var shortBadge: String {
        ^
/Users/matthieumisiraca/Desktop/MisiCopy/MisiCopy/Engine/FilenameTemplate.swift:77:29: warning: main actor-isolated static property 'counterRegex' can not be referenced from a nonisolated context
        if let regex = Self.counterRegex {
                            ^
/Users/matthieumisiraca/Desktop/MisiCopy/MisiCopy/Engine/FilenameTemplate.swift:30:24: note: static property declared here
    private static let counterRegex: NSRegularExpression? = {
                       ^
/Users/matthieumisiraca/Desktop/MisiCopy/MisiCopy/Engine/HTMLExporter.swift:79:18: warning: call to main actor-isolated static method 'esc' in a synchronous nonisolated context
            <p>\(esc(l10n.headerSubtitle))</p>
                 ^
/Users/matthieumisiraca/Desktop/MisiCopy/MisiCopy/Engine/HTMLExporter.swift:149:25: note: calls to static method 'esc' from outside of its actor context are implicitly asynchronous
    private static func esc(_ s: String) -> String {
                        ^
/Users/matthieumisiraca/Desktop/MisiCopy/MisiCopy/Engine/HTMLExporter.swift:79:27: warning: main actor-isolated property 'headerSubtitle' can not be referenced from a nonisolated context
            <p>\(esc(l10n.headerSubtitle))</p>
                          ^
/Users/matthieumisiraca/Desktop/MisiCopy/MisiCopy/DesignSystem/Localization.swift:47:9: note: property declared here
    var headerSubtitle: String {
        ^
/Users/matthieumisiraca/Desktop/MisiCopy/MisiCopy/Engine/HTMLExporter.swift:82:15: warning: call to main actor-isolated static method 'esc' in a synchronous nonisolated context
            \(esc(dateFmt.string(from: endDate)))<br>
              ^
/Users/matthieumisiraca/Desktop/MisiCopy/MisiCopy/Engine/HTMLExporter.swift:149:25: note: calls to static method 'esc' from outside of its actor context are implicitly asynchronous
    private static func esc(_ s: String) -> String {
                        ^
/Users/matthieumisiraca/Desktop/MisiCopy/MisiCopy/Engine/HTMLExporter.swift:89:26: warning: call to main actor-isolated static method 'esc' in a synchronous nonisolated context
            <div><span>\(esc(l10n.sectionSource))</span>\(esc(source?.path(percentEncoded: false) ?? "—"))</div>
/Users/matthieumisiraca/Desktop/MisiCopy/MisiCopy/Engine/HTMLExporter.swift:149:25: note: calls to static method 'esc' from outside of its actor context are implicitly asynchronous
    private static func esc(_ s: String) -> String {
                        ^
/Users/matthieumisiraca/Desktop/MisiCopy/MisiCopy/Engine/HTMLExporter.swift:89:35: warning: main actor-isolated property 'sectionSource' can not be referenced from a nonisolated context
            <div><span>\(esc(l10n.sectionSource))</span>\(esc(source?.path(percentEncoded: false) ?? "—"))</div>
/Users/matthieumisiraca/Desktop/MisiCopy/MisiCopy/DesignSystem/Localization.swift:63:9: note: property declared here
    var sectionSource: String {
        ^
/Users/matthieumisiraca/Desktop/MisiCopy/MisiCopy/Engine/HTMLExporter.swift:89:59: warning: call to main actor-isolated static method 'esc' in a synchronous nonisolated context
            <div><span>\(esc(l10n.sectionSource))</span>\(esc(source?.path(percentEncoded: false) ?? "—"))</div>
/Users/matthieumisiraca/Desktop/MisiCopy/MisiCopy/Engine/HTMLExporter.swift:149:25: note: calls to static method 'esc' from outside of its actor context are implicitly asynchronous
    private static func esc(_ s: String) -> String {
                        ^
/Users/matthieumisiraca/Desktop/MisiCopy/MisiCopy/Engine/HTMLExporter.swift:90:26: warning: call to main actor-isolated static method 'esc' in a synchronous nonisolated context
            <div><span>\(esc(l10n.sectionDestinations))</span>\(destinations.map { esc($0.path) }.joined(separator: "<br>"))</div>
                         ^
/Users/matthieumisiraca/Desktop/MisiCopy/MisiCopy/Engine/HTMLExporter.swift:149:25: note: calls to static method 'esc' from outside of its actor context are implicitly asynchronous
    private static func esc(_ s: String) -> String {
                        ^
/Users/matthieumisiraca/Desktop/MisiCopy/MisiCopy/Engine/HTMLExporter.swift:90:35: warning: main actor-isolated property 'sectionDestinations' can not be referenced from a nonisolated context
            <div><span>\(esc(l10n.sectionDestinations))</span>\(destinations.map { esc($0.path) }.joined(separator: "<br>"))</div>
                                  ^
/Users/matthieumisiraca/Desktop/MisiCopy/MisiCopy/DesignSystem/Localization.swift:70:9: note: property declared here
    var sectionDestinations: String {
        ^
/Users/matthieumisiraca/Desktop/MisiCopy/MisiCopy/Engine/HTMLExporter.swift:90:84: warning: call to main actor-isolated static method 'esc' in a synchronous nonisolated context
            <div><span>\(esc(l10n.sectionDestinations))</span>\(destinations.map { esc($0.path) }.joined(separator: "<br>"))</div>
                                                                                   ^
/Users/matthieumisiraca/Desktop/MisiCopy/MisiCopy/Engine/HTMLExporter.swift:149:25: note: calls to static method 'esc' from outside of its actor context are implicitly asynchronous
    private static func esc(_ s: String) -> String {
                        ^
/Users/matthieumisiraca/Desktop/MisiCopy/MisiCopy/Engine/HTMLExporter.swift:90:91: warning: main actor-isolated property 'path' can not be referenced from a nonisolated context
            <div><span>\(esc(l10n.sectionDestinations))</span>\(destinations.map { esc($0.path) }.joined(separator: "<br>"))</div>
                                                                                          ^
/Users/matthieumisiraca/Desktop/MisiCopy/MisiCopy/Models/Destination.swift:19:9: note: property declared here
    var path: String { url.path(percentEncoded: false) }
        ^
/Users/matthieumisiraca/Desktop/MisiCopy/MisiCopy/Engine/HTMLExporter.swift:91:26: warning: call to main actor-isolated static method 'esc' in a synchronous nonisolated context
            <div><span>\(esc(l10n.sectionMode))</span>\(esc(l10n.modeTitle(mode)))</div>
                         ^
/Users/matthieumisiraca/Desktop/MisiCopy/MisiCopy/Engine/HTMLExporter.swift:149:25: note: calls to static method 'esc' from outside of its actor context are implicitly asynchronous
    private static func esc(_ s: String) -> String {
                        ^
/Users/matthieumisiraca/Desktop/MisiCopy/MisiCopy/Engine/HTMLExporter.swift:91:35: warning: main actor-isolated property 'sectionMode' can not be referenced from a nonisolated context
            <div><span>\(esc(l10n.sectionMode))</span>\(esc(l10n.modeTitle(mode)))</div>
                                  ^
/Users/matthieumisiraca/Desktop/MisiCopy/MisiCopy/DesignSystem/Localization.swift:56:9: note: property declared here
    var sectionMode: String {
        ^
/Users/matthieumisiraca/Desktop/MisiCopy/MisiCopy/Engine/HTMLExporter.swift:91:57: warning: call to main actor-isolated static method 'esc' in a synchronous nonisolated context
            <div><span>\(esc(l10n.sectionMode))</span>\(esc(l10n.modeTitle(mode)))</div>
                                                        ^
/Users/matthieumisiraca/Desktop/MisiCopy/MisiCopy/Engine/HTMLExporter.swift:149:25: note: calls to static method 'esc' from outside of its actor context are implicitly asynchronous
    private static func esc(_ s: String) -> String {
                        ^
/Users/matthieumisiraca/Desktop/MisiCopy/MisiCopy/Engine/HTMLExporter.swift:91:66: warning: call to main actor-isolated instance method 'modeTitle' in a synchronous nonisolated context
            <div><span>\(esc(l10n.sectionMode))</span>\(esc(l10n.modeTitle(mode)))</div>
                                                                 ^
/Users/matthieumisiraca/Desktop/MisiCopy/MisiCopy/DesignSystem/Localization.swift:86:10: note: calls to instance method 'modeTitle' from outside of its actor context are implicitly asynchronous
    func modeTitle(_ mode: CopyMode) -> String {
         ^
/Users/matthieumisiraca/Desktop/MisiCopy/MisiCopy/Engine/HTMLExporter.swift:92:45: warning: call to main actor-isolated static method 'esc' in a synchronous nonisolated context
            <div><span>VERIFICATION</span>\(esc(l10n.modeVerificationDetail(mode)))</div>
                                            ^
/Users/matthieumisiraca/Desktop/MisiCopy/MisiCopy/Engine/HTMLExporter.swift:149:25: note: calls to static method 'esc' from outside of its actor context are implicitly asynchronous
    private static func esc(_ s: String) -> String {
                        ^
/Users/matthieumisiraca/Desktop/MisiCopy/MisiCopy/Engine/HTMLExporter.swift:92:54: warning: call to main actor-isolated instance method 'modeVerificationDetail' in a synchronous nonisolated context
            <div><span>VERIFICATION</span>\(esc(l10n.modeVerificationDetail(mode)))</div>
                                                     ^
/Users/matthieumisiraca/Desktop/MisiCopy/MisiCopy/DesignSystem/Localization.swift:102:10: note: calls to instance method 'modeVerificationDetail' from outside of its actor context are implicitly asynchronous
    func modeVerificationDetail(_ mode: CopyMode) -> String {
         ^
/Users/matthieumisiraca/Desktop/MisiCopy/MisiCopy/Engine/HTMLExporter.swift:93:26: warning: call to main actor-isolated static method 'esc' in a synchronous nonisolated context
            <div><span>\(esc(l10n.labelAlgorithm))</span>\(esc(algorithm.displayName))</div>
                         ^
/Users/matthieumisiraca/Desktop/MisiCopy/MisiCopy/Engine/HTMLExporter.swift:149:25: note: calls to static method 'esc' from outside of its actor context are implicitly asynchronous
    private static func esc(_ s: String) -> String {
                        ^
/Users/matthieumisiraca/Desktop/MisiCopy/MisiCopy/Engine/HTMLExporter.swift:93:35: warning: main actor-isolated property 'labelAlgorithm' can not be referenced from a nonisolated context
            <div><span>\(esc(l10n.labelAlgorithm))</span>\(esc(algorithm.displayName))</div>
                                  ^
/Users/matthieumisiraca/Desktop/MisiCopy/MisiCopy/DesignSystem/Localization.swift:150:9: note: property declared here
    var labelAlgorithm: String {
        ^
/Users/matthieumisiraca/Desktop/MisiCopy/MisiCopy/Engine/HTMLExporter.swift:93:60: warning: call to main actor-isolated static method 'esc' in a synchronous nonisolated context
            <div><span>\(esc(l10n.labelAlgorithm))</span>\(esc(algorithm.displayName))</div>
                                                           ^
/Users/matthieumisiraca/Desktop/MisiCopy/MisiCopy/Engine/HTMLExporter.swift:149:25: note: calls to static method 'esc' from outside of its actor context are implicitly asynchronous
    private static func esc(_ s: String) -> String {
                        ^
/Users/matthieumisiraca/Desktop/MisiCopy/MisiCopy/Engine/HTMLExporter.swift:93:74: warning: main actor-isolated property 'displayName' can not be referenced from a nonisolated context
            <div><span>\(esc(l10n.labelAlgorithm))</span>\(esc(algorithm.displayName))</div>
                                                                         ^
/Users/matthieumisiraca/Desktop/MisiCopy/MisiCopy/Models/ChecksumAlgorithm.swift:18:9: note: property declared here
    var displayName: String {
        ^
/Users/matthieumisiraca/Desktop/MisiCopy/MisiCopy/Engine/HTMLExporter.swift:94:41: warning: call to main actor-isolated static method 'esc' in a synchronous nonisolated context
            <div><span>DURATION</span>\(esc(duration))</div>
                                        ^
/Users/matthieumisiraca/Desktop/MisiCopy/MisiCopy/Engine/HTMLExporter.swift:149:25: note: calls to static method 'esc' from outside of its actor context are implicitly asynchronous
    private static func esc(_ s: String) -> String {
                        ^
/Users/matthieumisiraca/Desktop/MisiCopy/MisiCopy/Engine/HTMLExporter.swift:95:57: warning: call to main actor-isolated static method 'esc' in a synchronous nonisolated context
            <div><span>TOTAL</span>\(stats.found) — \(esc(bytesFmt.string(fromByteCount: stats.totalBytes)))</div>
/Users/matthieumisiraca/Desktop/MisiCopy/MisiCopy/Engine/HTMLExporter.swift:149:25: note: calls to static method 'esc' from outside of its actor context are implicitly asynchronous
    private static func esc(_ s: String) -> String {
                        ^
/Users/matthieumisiraca/Desktop/MisiCopy/MisiCopy/Engine/HTMLExporter.swift:100:56: warning: call to main actor-isolated static method 'esc' in a synchronous nonisolated context
          <div class="stat found"><div class="label">\(esc(l10n.statFound))</div><div class="value">\(stats.found)</div></div>
                                                       ^
/Users/matthieumisiraca/Desktop/MisiCopy/MisiCopy/Engine/HTMLExporter.swift:149:25: note: calls to static method 'esc' from outside of its actor context are implicitly asynchronous
    private static func esc(_ s: String) -> String {
                        ^
/Users/matthieumisiraca/Desktop/MisiCopy/MisiCopy/Engine/HTMLExporter.swift:100:65: warning: main actor-isolated property 'statFound' can not be referenced from a nonisolated context
          <div class="stat found"><div class="label">\(esc(l10n.statFound))</div><div class="value">\(stats.found)</div></div>
                                                                ^
/Users/matthieumisiraca/Desktop/MisiCopy/MisiCopy/DesignSystem/Localization.swift:261:9: note: property declared here
    var statFound: String {
        ^
/Users/matthieumisiraca/Desktop/MisiCopy/MisiCopy/Engine/HTMLExporter.swift:101:57: warning: call to main actor-isolated static method 'esc' in a synchronous nonisolated context
          <div class="stat copied"><div class="label">\(esc(l10n.statCopied))</div><div class="value">\(stats.copied)</div></div>
                                                        ^
/Users/matthieumisiraca/Desktop/MisiCopy/MisiCopy/Engine/HTMLExporter.swift:149:25: note: calls to static method 'esc' from outside of its actor context are implicitly asynchronous
    private static func esc(_ s: String) -> String {
                        ^
/Users/matthieumisiraca/Desktop/MisiCopy/MisiCopy/Engine/HTMLExporter.swift:101:66: warning: main actor-isolated property 'statCopied' can not be referenced from a nonisolated context
          <div class="stat copied"><div class="label">\(esc(l10n.statCopied))</div><div class="value">\(stats.copied)</div></div>
                                                                 ^
/Users/matthieumisiraca/Desktop/MisiCopy/MisiCopy/DesignSystem/Localization.swift:268:9: note: property declared here
    var statCopied: String {
        ^
/Users/matthieumisiraca/Desktop/MisiCopy/MisiCopy/Engine/HTMLExporter.swift:102:59: warning: call to main actor-isolated static method 'esc' in a synchronous nonisolated context
          <div class="stat verified"><div class="label">\(esc(l10n.statVerified))</div><div class="value">\(stats.verified)</div></div>
                                                          ^
/Users/matthieumisiraca/Desktop/MisiCopy/MisiCopy/Engine/HTMLExporter.swift:149:25: note: calls to static method 'esc' from outside of its actor context are implicitly asynchronous
    private static func esc(_ s: String) -> String {
                        ^
/Users/matthieumisiraca/Desktop/MisiCopy/MisiCopy/Engine/HTMLExporter.swift:102:68: warning: main actor-isolated property 'statVerified' can not be referenced from a nonisolated context
          <div class="stat verified"><div class="label">\(esc(l10n.statVerified))</div><div class="value">\(stats.verified)</div></div>
                                                                   ^
/Users/matthieumisiraca/Desktop/MisiCopy/MisiCopy/DesignSystem/Localization.swift:275:9: note: property declared here
    var statVerified: String {
        ^
/Users/matthieumisiraca/Desktop/MisiCopy/MisiCopy/Engine/HTMLExporter.swift:103:57: warning: call to main actor-isolated static method 'esc' in a synchronous nonisolated context
          <div class="stat failed"><div class="label">\(esc(l10n.statFailed))</div><div class="value">\(stats.failed)</div></div>
                                                        ^
/Users/matthieumisiraca/Desktop/MisiCopy/MisiCopy/Engine/HTMLExporter.swift:149:25: note: calls to static method 'esc' from outside of its actor context are implicitly asynchronous
    private static func esc(_ s: String) -> String {
                        ^
/Users/matthieumisiraca/Desktop/MisiCopy/MisiCopy/Engine/HTMLExporter.swift:103:66: warning: main actor-isolated property 'statFailed' can not be referenced from a nonisolated context
          <div class="stat failed"><div class="label">\(esc(l10n.statFailed))</div><div class="value">\(stats.failed)</div></div>
                                                                 ^
/Users/matthieumisiraca/Desktop/MisiCopy/MisiCopy/DesignSystem/Localization.swift:282:9: note: property declared here
    var statFailed: String {
        ^
/Users/matthieumisiraca/Desktop/MisiCopy/MisiCopy/Engine/HTMLExporter.swift:107:55: warning: call to main actor-isolated static method 'esc' in a synchronous nonisolated context
          <h2 style="margin-top:0; font-size:14px;">\(esc(l10n.sectionJournal))</h2>
                                                      ^
/Users/matthieumisiraca/Desktop/MisiCopy/MisiCopy/Engine/HTMLExporter.swift:149:25: note: calls to static method 'esc' from outside of its actor context are implicitly asynchronous
    private static func esc(_ s: String) -> String {
                        ^
/Users/matthieumisiraca/Desktop/MisiCopy/MisiCopy/Engine/HTMLExporter.swift:107:64: warning: main actor-isolated property 'sectionJournal' can not be referenced from a nonisolated context
          <h2 style="margin-top:0; font-size:14px;">\(esc(l10n.sectionJournal))</h2>
                                                               ^
/Users/matthieumisiraca/Desktop/MisiCopy/MisiCopy/DesignSystem/Localization.swift:77:9: note: property declared here
    var sectionJournal: String {
        ^
/Users/matthieumisiraca/Desktop/MisiCopy/MisiCopy/Engine/HTMLExporter.swift:117:34: warning: call to main actor-isolated static method 'esc' in a synchronous nonisolated context
            case .verified: ok = esc(l10n.statVerified); cls = "ok"
                                 ^
/Users/matthieumisiraca/Desktop/MisiCopy/MisiCopy/Engine/HTMLExporter.swift:149:25: note: calls to static method 'esc' from outside of its actor context are implicitly asynchronous
    private static func esc(_ s: String) -> String {
                        ^
/Users/matthieumisiraca/Desktop/MisiCopy/MisiCopy/Engine/HTMLExporter.swift:117:43: warning: main actor-isolated property 'statVerified' can not be referenced from a nonisolated context
            case .verified: ok = esc(l10n.statVerified); cls = "ok"
                                          ^
/Users/matthieumisiraca/Desktop/MisiCopy/MisiCopy/DesignSystem/Localization.swift:275:9: note: property declared here
    var statVerified: String {
        ^
/Users/matthieumisiraca/Desktop/MisiCopy/MisiCopy/Engine/HTMLExporter.swift:118:34: warning: call to main actor-isolated static method 'esc' in a synchronous nonisolated context
            case .copied:   ok = esc(l10n.statCopied);   cls = "ok"
                                 ^
/Users/matthieumisiraca/Desktop/MisiCopy/MisiCopy/Engine/HTMLExporter.swift:149:25: note: calls to static method 'esc' from outside of its actor context are implicitly asynchronous
    private static func esc(_ s: String) -> String {
                        ^
/Users/matthieumisiraca/Desktop/MisiCopy/MisiCopy/Engine/HTMLExporter.swift:118:43: warning: main actor-isolated property 'statCopied' can not be referenced from a nonisolated context
            case .copied:   ok = esc(l10n.statCopied);   cls = "ok"
                                          ^
/Users/matthieumisiraca/Desktop/MisiCopy/MisiCopy/DesignSystem/Localization.swift:268:9: note: property declared here
    var statCopied: String {
        ^
/Users/matthieumisiraca/Desktop/MisiCopy/MisiCopy/Engine/HTMLExporter.swift:119:48: warning: call to main actor-isolated static method 'esc' in a synchronous nonisolated context
            case .failed(let r): ok = "✗ " + esc(r);    cls = "err"
/Users/matthieumisiraca/Desktop/MisiCopy/MisiCopy/Engine/HTMLExporter.swift:149:25: note: calls to static method 'esc' from outside of its actor context are implicitly asynchronous
    private static func esc(_ s: String) -> String {
                        ^
/Users/matthieumisiraca/Desktop/MisiCopy/MisiCopy/Engine/HTMLExporter.swift:122:43: warning: main actor-isolated property 'shortBadge' can not be referenced from a nonisolated context
            let badge = file.cameraFormat.shortBadge.isEmpty
                                          ^
/Users/matthieumisiraca/Desktop/MisiCopy/MisiCopy/Engine/CameraFormatDetector.swift:39:9: note: property declared here
    var shortBadge: String {
        ^
/Users/matthieumisiraca/Desktop/MisiCopy/MisiCopy/Engine/HTMLExporter.swift:124:44: warning: call to main actor-isolated static method 'esc' in a synchronous nonisolated context
                : "<span class=\"badge\">\(esc(file.cameraFormat.shortBadge))</span>"
                                           ^
/Users/matthieumisiraca/Desktop/MisiCopy/MisiCopy/Engine/HTMLExporter.swift:149:25: note: calls to static method 'esc' from outside of its actor context are implicitly asynchronous
    private static func esc(_ s: String) -> String {
                        ^
/Users/matthieumisiraca/Desktop/MisiCopy/MisiCopy/Engine/HTMLExporter.swift:124:66: warning: main actor-isolated property 'shortBadge' can not be referenced from a nonisolated context
                : "<span class=\"badge\">\(esc(file.cameraFormat.shortBadge))</span>"
                                                                 ^
/Users/matthieumisiraca/Desktop/MisiCopy/MisiCopy/Engine/CameraFormatDetector.swift:39:9: note: property declared here
    var shortBadge: String {
        ^
/Users/matthieumisiraca/Desktop/MisiCopy/MisiCopy/Engine/HTMLExporter.swift:127:25: warning: call to main actor-isolated static method 'esc' in a synchronous nonisolated context
                  <td>\(esc(file.relativePath))</td>
                        ^
/Users/matthieumisiraca/Desktop/MisiCopy/MisiCopy/Engine/HTMLExporter.swift:149:25: note: calls to static method 'esc' from outside of its actor context are implicitly asynchronous
    private static func esc(_ s: String) -> String {
                        ^
/Users/matthieumisiraca/Desktop/MisiCopy/MisiCopy/Engine/HTMLExporter.swift:129:25: warning: call to main actor-isolated static method 'esc' in a synchronous nonisolated context
                  <td>\(esc(bytesFmt.string(fromByteCount: file.size)))</td>
                        ^
/Users/matthieumisiraca/Desktop/MisiCopy/MisiCopy/Engine/HTMLExporter.swift:149:25: note: calls to static method 'esc' from outside of its actor context are implicitly asynchronous
    private static func esc(_ s: String) -> String {
                        ^
/Users/matthieumisiraca/Desktop/MisiCopy/MisiCopy/Engine/HTMLExporter.swift:130:42: warning: call to main actor-isolated static method 'esc' in a synchronous nonisolated context
                  <td class="checksum">\(esc(short(file.sourceChecksum)))</td>
                                         ^
/Users/matthieumisiraca/Desktop/MisiCopy/MisiCopy/Engine/HTMLExporter.swift:149:25: note: calls to static method 'esc' from outside of its actor context are implicitly asynchronous
    private static func esc(_ s: String) -> String {
                        ^
/Users/matthieumisiraca/Desktop/MisiCopy/MisiCopy/Engine/HTMLExporter.swift:130:46: warning: call to main actor-isolated static method 'short' in a synchronous nonisolated context
                  <td class="checksum">\(esc(short(file.sourceChecksum)))</td>
                                             ^
/Users/matthieumisiraca/Desktop/MisiCopy/MisiCopy/Engine/HTMLExporter.swift:156:25: note: calls to static method 'short' from outside of its actor context are implicitly asynchronous
    private static func short(_ s: String?) -> String {
                        ^
/Users/matthieumisiraca/Desktop/MisiCopy/MisiCopy/Engine/HTMLExporter.swift:141:19: warning: call to main actor-isolated static method 'esc' in a synchronous nonisolated context
        <footer>\(esc(l10n.footerCredit)) — <a href="https://www.misicopy.com">www.misicopy.com</a></footer>
/Users/matthieumisiraca/Desktop/MisiCopy/MisiCopy/Engine/HTMLExporter.swift:149:25: note: calls to static method 'esc' from outside of its actor context are implicitly asynchronous
    private static func esc(_ s: String) -> String {
                        ^
/Users/matthieumisiraca/Desktop/MisiCopy/MisiCopy/Engine/HTMLExporter.swift:141:28: warning: main actor-isolated property 'footerCredit' can not be referenced from a nonisolated context
        <footer>\(esc(l10n.footerCredit)) — <a href="https://www.misicopy.com">www.misicopy.com</a></footer>
/Users/matthieumisiraca/Desktop/MisiCopy/MisiCopy/DesignSystem/Localization.swift:351:9: note: property declared here
    var footerCredit: String {
        ^
/Users/matthieumisiraca/Desktop/MisiCopy/MisiCopy/Engine/LocalChannelServer.swift:146:21: warning: reference to captured var 'self' in concurrently-executing code; this is an error in the Swift 6 language mode
                    self?.delegate?.localChannel(didReceive: cmd)
                    ^
/Users/matthieumisiraca/Desktop/MisiCopy/MisiCopy/Engine/LocalChannelServer.swift:151:21: warning: reference to captured var 'self' in concurrently-executing code; this is an error in the Swift 6 language mode
                    self?.delegate?.localChannel(didReceiveLiveActivityToken: token,
                    ^
/Users/matthieumisiraca/Desktop/MisiCopy/MisiCopy/Engine/LocalChannelServer.swift:157:21: warning: reference to captured var 'self' in concurrently-executing code; this is an error in the Swift 6 language mode
                    self?.delegate?.localChannelDidAcceptClient()
                    ^
/Users/matthieumisiraca/Desktop/MisiCopy/MisiCopy/Engine/LocalChannelServer.swift:162:21: warning: reference to captured var 'self' in concurrently-executing code; this is an error in the Swift 6 language mode
                    self?.clients.removeValue(forKey: id)
                    ^
/Users/matthieumisiraca/Desktop/MisiCopy/MisiCopy/Engine/LocalChannelServer.swift:164:25: warning: reference to captured var 'self' in concurrently-executing code; this is an error in the Swift 6 language mode
                        self?.delegate?.localChannelDidDropClient()
                        ^
/Users/matthieumisiraca/Desktop/MisiCopy/MisiCopy/Engine/MHLVerifier.swift:43:23: warning: call to main actor-isolated initializer 'init()' in a synchronous nonisolated context
        let handler = MHLParseHandler()
                      ^
/Users/matthieumisiraca/Desktop/MisiCopy/MisiCopy/Engine/MHLVerifier.swift:73:66: note: calls to initializer 'init()' from outside of its actor context are implicitly asynchronous
private final class MHLParseHandler: NSObject, XMLParserDelegate {
                                                                 ^
/Users/matthieumisiraca/Desktop/MisiCopy/MisiCopy/Engine/MHLVerifier.swift:44:27: warning: main actor-isolated conformance of 'MHLParseHandler' to 'XMLParserDelegate' cannot be used in nonisolated context; this is an error in the Swift 6 language mode
        parser.delegate = handler
                          ^
/Users/matthieumisiraca/Desktop/MisiCopy/MisiCopy/Engine/MHLVerifier.swift:46:24: warning: main actor-isolated property 'entries' can not be referenced from a nonisolated context
        return handler.entries
                       ^
/Users/matthieumisiraca/Desktop/MisiCopy/MisiCopy/Engine/MHLVerifier.swift:74:9: note: property declared here
    var entries: [MHLEntry] = []
        ^
/Users/matthieumisiraca/Desktop/MisiCopy/MisiCopy/Engine/RemoteSyncService.swift:179:34: warning: reference to captured var 'self' in concurrently-executing code; this is an error in the Swift 6 language mode
            Task { @MainActor in self?.broadcastTick() }
                                 ^
/Users/matthieumisiraca/Desktop/MisiCopy/MisiCopy/Engine/SessionStore.swift:68:19: warning: main actor-isolated conformance of 'SavedSession' to 'Encodable' cannot be used in nonisolated context; this is an error in the Swift 6 language mode
            store.save(session)
                  ^
/Users/matthieumisiraca/Desktop/MisiCopy/MisiCopy/Engine/SessionStore.swift:68:19: warning: main actor-isolated instance method 'save' cannot be called from outside of the actor; this is an error in the Swift 6 language mode
            store.save(session)
            ~~~~~~^~~~~~~~~~~~~
            await 

SwiftCompile normal arm64 Compiling\ AppIconView.swift,\ Localization.swift,\ Theme.swift,\ AppModel.swift,\ ASCMHLExporter.swift,\ CameraFormatDetector.swift,\ ChecksumCalculator.swift,\ CloudChannelPublisher.swift,\ CopyEngine.swift,\ CSVExporter.swift,\ DriveSpeedTester.swift,\ FilenameTemplate.swift,\ HistoryStore.swift,\ HTMLExporter.swift,\ JSONFileStore.swift,\ KeychainStore.swift,\ LicenseManager.swift,\ LiveActivityPushRelay.swift,\ LocalChannelServer.swift,\ MHLExporter.swift,\ MHLVerifier.swift,\ PDFReportGenerator.swift,\ PresetStore.swift,\ PSKTLSHelper.swift,\ QRCodeGenerator.swift,\ RemoteSyncService.swift,\ SessionStore.swift,\ StatusItemController.swift,\ ThumbnailExtractor.swift,\ WebhookNotifier.swift,\ XXH3.swift,\ AppLanguage.swift,\ ChecksumAlgorithm.swift,\ CopyJob.swift,\ CopyMode.swift,\ CopyStats.swift,\ Destination.swift,\ FileItem.swift,\ LicenseStatus.swift,\ LogEntry.swift,\ PairingPayload.swift,\ Preset.swift,\ SessionRecord.swift,\ SessionSnapshot.swift,\ DropZone.swift,\ OptionCard.swift,\ SectionHeader.swift,\ StatCard.swift,\ ActionButtonView.swift,\ ActivityLogView.swift,\ DestinationsView.swift,\ DITStructureView.swift,\ FooterView.swift,\ HeaderView.swift,\ HistoryView.swift,\ LicenseSettingsView.swift,\ ModeSelectionView.swift,\ QueueView.swift,\ RemoteSyncSettingsView.swift,\ SettingsView.swift,\ SourceSelectionView.swift,\ StatsView.swift,\ ContentView.swift,\ MisiCopyApp.swift,\ GeneratedAssetSymbols.swift /Users/matthieumisiraca/Desktop/MisiCopy/MisiCopy/DesignSystem/AppIconView.swift /Users/matthieumisiraca/Desktop/MisiCopy/MisiCopy/DesignSystem/Localization.swift /Users/matthieumisiraca/Desktop/MisiCopy/MisiCopy/DesignSystem/Theme.swift /Users/matthieumisiraca/Desktop/MisiCopy/MisiCopy/Engine/AppModel.swift /Users/matthieumisiraca/Desktop/MisiCopy/MisiCopy/Engine/ASCMHLExporter.swift /Users/matthieumisiraca/Desktop/MisiCopy/MisiCopy/Engine/CameraFormatDetector.swift /Users/matthieumisiraca/Desktop/MisiCopy/MisiCopy/Engine/ChecksumCalculator.swift /Users/matthieumisiraca/Desktop/MisiCopy/MisiCopy/Engine/CloudChannelPublisher.swift /Users/matthieumisiraca/Desktop/MisiCopy/MisiCopy/Engine/CopyEngine.swift /Users/matthieumisiraca/Desktop/MisiCopy/MisiCopy/Engine/CSVExporter.swift /Users/matthieumisiraca/Desktop/MisiCopy/MisiCopy/Engine/DriveSpeedTester.swift /Users/matthieumisiraca/Desktop/MisiCopy/MisiCopy/Engine/FilenameTemplate.swift /Users/matthieumisiraca/Desktop/MisiCopy/MisiCopy/Engine/HistoryStore.swift /Users/matthieumisiraca/Desktop/MisiCopy/MisiCopy/Engine/HTMLExporter.swift /Users/matthieumisiraca/Desktop/MisiCopy/MisiCopy/Engine/JSONFileStore.swift /Users/matthieumisiraca/Desktop/MisiCopy/MisiCopy/Engine/KeychainStore.swift /Users/matthieumisiraca/Desktop/MisiCopy/MisiCopy/Engine/LicenseManager.swift /Users/matthieumisiraca/Desktop/MisiCopy/MisiCopy/Engine/LiveActivityPushRelay.swift /Users/matthieumisiraca/Desktop/MisiCopy/MisiCopy/Engine/LocalChannelServer.swift /Users/matthieumisiraca/Desktop/MisiCopy/MisiCopy/Engine/MHLExporter.swift /Users/matthieumisiraca/Desktop/MisiCopy/MisiCopy/Engine/MHLVerifier.swift /Users/matthieumisiraca/Desktop/MisiCopy/MisiCopy/Engine/PDFReportGenerator.swift /Users/matthieumisiraca/Desktop/MisiCopy/MisiCopy/Engine/PresetStore.swift /Users/matthieumisiraca/Desktop/MisiCopy/MisiCopy/Engine/PSKTLSHelper.swift /Users/matthieumisiraca/Desktop/MisiCopy/MisiCopy/Engine/QRCodeGenerator.swift /Users/matthieumisiraca/Desktop/MisiCopy/MisiCopy/Engine/RemoteSyncService.swift /Users/matthieumisiraca/Desktop/MisiCopy/MisiCopy/Engine/SessionStore.swift /Users/matthieumisiraca/Desktop/MisiCopy/MisiCopy/Engine/StatusItemController.swift /Users/matthieumisiraca/Desktop/MisiCopy/MisiCopy/Engine/ThumbnailExtractor.swift /Users/matthieumisiraca/Desktop/MisiCopy/MisiCopy/Engine/WebhookNotifier.swift /Users/matthieumisiraca/Desktop/MisiCopy/MisiCopy/Engine/XXH3.swift /Users/matthieumisiraca/Desktop/MisiCopy/MisiCopy/Models/AppLanguage.swift /Users/matthieumisiraca/Desktop/MisiCopy/MisiCopy/Models/ChecksumAlgorithm.swift /Users/matthieumisiraca/Desktop/MisiCopy/MisiCopy/Models/CopyJob.swift /Users/matthieumisiraca/Desktop/MisiCopy/MisiCopy/Models/CopyMode.swift /Users/matthieumisiraca/Desktop/MisiCopy/MisiCopy/Models/CopyStats.swift /Users/matthieumisiraca/Desktop/MisiCopy/MisiCopy/Models/Destination.swift /Users/matthieumisiraca/Desktop/MisiCopy/MisiCopy/Models/FileItem.swift /Users/matthieumisiraca/Desktop/MisiCopy/MisiCopy/Models/LicenseStatus.swift /Users/matthieumisiraca/Desktop/MisiCopy/MisiCopy/Models/LogEntry.swift /Users/matthieumisiraca/Desktop/MisiCopy/MisiCopy/Models/PairingPayload.swift /Users/matthieumisiraca/Desktop/MisiCopy/MisiCopy/Models/Preset.swift /Users/matthieumisiraca/Desktop/MisiCopy/MisiCopy/Models/SessionRecord.swift /Users/matthieumisiraca/Desktop/MisiCopy/MisiCopy/Models/SessionSnapshot.swift /Users/matthieumisiraca/Desktop/MisiCopy/MisiCopy/Views/Components/DropZone.swift /Users/matthieumisiraca/Desktop/MisiCopy/MisiCopy/Views/Components/OptionCard.swift /Users/matthieumisiraca/Desktop/MisiCopy/MisiCopy/Views/Components/SectionHeader.swift /Users/matthieumisiraca/Desktop/MisiCopy/MisiCopy/Views/Components/StatCard.swift /Users/matthieumisiraca/Desktop/MisiCopy/MisiCopy/Views/ActionButtonView.swift /Users/matthieumisiraca/Desktop/MisiCopy/MisiCopy/Views/ActivityLogView.swift /Users/matthieumisiraca/Desktop/MisiCopy/MisiCopy/Views/DestinationsView.swift /Users/matthieumisiraca/Desktop/MisiCopy/MisiCopy/Views/DITStructureView.swift /Users/matthieumisiraca/Desktop/MisiCopy/MisiCopy/Views/FooterView.swift /Users/matthieumisiraca/Desktop/MisiCopy/MisiCopy/Views/HeaderView.swift /Users/matthieumisiraca/Desktop/MisiCopy/MisiCopy/Views/HistoryView.swift /Users/matthieumisiraca/Desktop/MisiCopy/MisiCopy/Views/LicenseSettingsView.swift /Users/matthieumisiraca/Desktop/MisiCopy/MisiCopy/Views/ModeSelectionView.swift /Users/matthieumisiraca/Desktop/MisiCopy/MisiCopy/Views/QueueView.swift /Users/matthieumisiraca/Desktop/MisiCopy/MisiCopy/Views/RemoteSyncSettingsView.swift /Users/matthieumisiraca/Desktop/MisiCopy/MisiCopy/Views/SettingsView.swift /Users/matthieumisiraca/Desktop/MisiCopy/MisiCopy/Views/SourceSelectionView.swift /Users/matthieumisiraca/Desktop/MisiCopy/MisiCopy/Views/StatsView.swift /Users/matthieumisiraca/Desktop/MisiCopy/MisiCopy/ContentView.swift /Users/matthieumisiraca/Desktop/MisiCopy/MisiCopy/MisiCopyApp.swift /Users/matthieumisiraca/Library/Developer/Xcode/DerivedData/MisiCopy-ejbrxwynvlcuzmaseszgazwfdqpc/Build/Intermediates.noindex/ArchiveIntermediates/MisiCopy/IntermediateBuildFilesPath/MisiCopy.build/Release/MisiCopy.build/DerivedSources/GeneratedAssetSymbols.swift /Applications/Xcode.app/Contents/Developer/Toolchains/XcodeDefault.xctoolchain/usr/lib/swift/macosx/prebuilt-modules/26.5/QuartzCore.swiftmodule/arm64e-apple-macos.swiftmodule /Applications/Xcode.app/Contents/Developer/Toolchains/XcodeDefault.xctoolchain/usr/lib/swift/macosx/prebuilt-modules/26.5/CoreFoundation.swiftmodule/arm64e-apple-macos.swiftmodule /Applications/Xcode.app/Contents/Developer/Toolchains/XcodeDefault.xctoolchain/usr/lib/swift/macosx/prebuilt-modules/26.5/Symbols.swiftmodule/arm64e-apple-macos.swiftmodule /Applications/Xcode.app/Contents/Developer/Toolchains/XcodeDefault.xctoolchain/usr/lib/swift/macosx/prebuilt-modules/26.5/Distributed.swiftmodule/arm64e-apple-macos.swiftmodule /Applications/Xcode.app/Contents/Developer/Toolchains/XcodeDefault.xctoolchain/usr/lib/swift/macosx/prebuilt-modules/26.5/Metal.swiftmodule/arm64e-apple-macos.swiftmodule /Applications/Xcode.app/Contents/Developer/Toolchains/XcodeDefault.xctoolchain/usr/lib/swift/macosx/prebuilt-modules/26.5/SwiftUICore.swiftmodule/arm64e-apple-macos.swiftmodule /Applications/Xcode.app/Contents/Developer/Toolchains/XcodeDefault.xctoolchain/usr/lib/swift/macosx/prebuilt-modules/26.5/CoreVideo.swiftmodule/arm64e-apple-macos.swiftmodule /Applications/Xcode.app/Contents/Developer/Toolchains/XcodeDefault.xctoolchain/usr/lib/swift/macosx/prebuilt-modules/26.5/CoreText.swiftmodule/arm64e-apple-macos.swiftmodule /Applications/Xcode.app/Contents/Developer/Toolchains/XcodeDefault.xctoolchain/usr/lib/swift/macosx/prebuilt-modules/26.5/DeveloperToolsSupport.swiftmodule/arm64e-apple-macos.swiftmodule /Applications/Xcode.app/Contents/Developer/Toolchains/XcodeDefault.xctoolchain/usr/lib/swift/macosx/prebuilt-modules/26.5/_DarwinFoundation1.swiftmodule/arm64e-apple-macos.swiftmodule /Applications/Xcode.app/Contents/Developer/Toolchains/XcodeDefault.xctoolchain/usr/lib/swift/macosx/prebuilt-modules/26.5/Foundation.swiftmodule/arm64e-apple-macos.swiftmodule /Applications/Xcode.app/Contents/Developer/Toolchains/XcodeDefault.xctoolchain/usr/lib/swift/macosx/prebuilt-modules/26.5/CoreImage.swiftmodule/arm64e-apple-macos.swiftmodule /Applications/Xcode.app/Contents/Developer/Toolchains/XcodeDefault.xctoolchain/usr/lib/swift/macosx/prebuilt-modules/26.5/CoreLocation.swiftmodule/arm64e-apple-macos.swiftmodule /Applications/Xcode.app/Contents/Developer/Toolchains/XcodeDefault.xctoolchain/usr/lib/swift/macosx/prebuilt-modules/26.5/System.swiftmodule/arm64e-apple-macos.swiftmodule /Applications/Xcode.app/Contents/Developer/Toolchains/XcodeDefault.xctoolchain/usr/lib/swift/macosx/prebuilt-modules/26.5/CoreGraphics.swiftmodule/arm64e-apple-macos.swiftmodule /Applications/Xcode.app/Contents/Developer/Toolchains/XcodeDefault.xctoolchain/usr/lib/swift/macosx/prebuilt-modules/26.5/Combine.swiftmodule/arm64e-apple-macos.swiftmodule /Applications/Xcode.app/Contents/Developer/Toolchains/XcodeDefault.xctoolchain/usr/lib/swift/macosx/prebuilt-modules/26.5/IOKit.swiftmodule/arm64e-apple-macos.swiftmodule /Applications/Xcode.app/Contents/Developer/Toolchains/XcodeDefault.xctoolchain/usr/lib/swift/macosx/prebuilt-modules/26.5/os.swiftmodule/arm64e-apple-macos.swiftmodule /Applications/Xcode.app/Contents/Developer/Toolchains/XcodeDefault.xctoolchain/usr/lib/swift/macosx/prebuilt-modules/26.5/CryptoKit.swiftmodule/arm64e-apple-macos.swiftmodule /Applications/Xcode.app/Contents/Developer/Toolchains/XcodeDefault.xctoolchain/usr/lib/swift/macosx/prebuilt-modules/26.5/Dispatch.swiftmodule/arm64e-apple-macos.swiftmodule /Applications/Xcode.app/Contents/Developer/Toolchains/XcodeDefault.xctoolchain/usr/lib/swift/macosx/prebuilt-modules/26.5/simd.swiftmodule/arm64e-apple-macos.swiftmodule /Applications/Xcode.app/Contents/Developer/Toolchains/XcodeDefault.xctoolchain/usr/lib/swift/macosx/prebuilt-modules/26.5/CoreMedia.swiftmodule/arm64e-apple-macos.swiftmodule /Applications/Xcode.app/Contents/Developer/Toolchains/XcodeDefault.xctoolchain/usr/lib/swift/macosx/prebuilt-modules/26.5/DataDetection.swiftmodule/arm64e-apple-macos.swiftmodule /Applications/Xcode.app/Contents/Developer/Toolchains/XcodeDefault.xctoolchain/usr/lib/swift/macosx/prebuilt-modules/26.5/CloudKit.swiftmodule/arm64e-apple-macos.swiftmodule /Applications/Xcode.app/Contents/Developer/Toolchains/XcodeDefault.xctoolchain/usr/lib/swift/macosx/prebuilt-modules/26.5/Network.swiftmodule/arm64e-apple-macos.swiftmodule /Applications/Xcode.app/Contents/Developer/Toolchains/XcodeDefault.xctoolchain/usr/lib/swift/macosx/prebuilt-modules/26.5/_Concurrency.swiftmodule/arm64e-apple-macos.swiftmodule /Applications/Xcode.app/Contents/Developer/Toolchains/XcodeDefault.xctoolchain/usr/lib/swift/macosx/prebuilt-modules/26.5/Accessibility.swiftmodule/arm64e-apple-macos.swiftmodule /Applications/Xcode.app/Contents/Developer/Toolchains/XcodeDefault.xctoolchain/usr/lib/swift/macosx/prebuilt-modules/26.5/CoreMIDI.swiftmodule/arm64e-apple-macos.swiftmodule /Applications/Xcode.app/Contents/Developer/Toolchains/XcodeDefault.xctoolchain/usr/lib/swift/macosx/prebuilt-modules/26.5/ObjectiveC.swiftmodule/arm64e-apple-macos.swiftmodule /Applications/Xcode.app/Contents/Developer/Toolchains/XcodeDefault.xctoolchain/usr/lib/swift/macosx/prebuilt-modules/26.5/AudioToolbox.swiftmodule/arm64e-apple-macos.swiftmodule /Applications/Xcode.app/Contents/Developer/Toolchains/XcodeDefault.xctoolchain/usr/lib/swift/macosx/prebuilt-modules/26.5/CoreAudio.swiftmodule/arm64e-apple-macos.swiftmodule /Applications/Xcode.app/Contents/Developer/Toolchains/XcodeDefault.xctoolchain/usr/lib/swift/macosx/prebuilt-modules/26.5/AppKit.swiftmodule/arm64e-apple-macos.swiftmodule /Applications/Xcode.app/Contents/Developer/Toolchains/XcodeDefault.xctoolchain/usr/lib/swift/macosx/prebuilt-modules/26.5/_Builtin_float.swiftmodule/arm64e-apple-macos.swiftmodule /Applications/Xcode.app/Contents/Developer/Toolchains/XcodeDefault.xctoolchain/usr/lib/swift/macosx/prebuilt-modules/26.5/CoreTransferable.swiftmodule/arm64e-apple-macos.swiftmodule /Applications/Xcode.app/Contents/Developer/Toolchains/XcodeDefault.xctoolchain/usr/lib/swift/macosx/prebuilt-modules/26.5/Observation.swiftmodule/arm64e-apple-macos.swiftmodule /Applications/Xcode.app/Contents/Developer/Toolchains/XcodeDefault.xctoolchain/usr/lib/swift/macosx/prebuilt-modules/26.5/Synchronization.swiftmodule/arm64e-apple-macos.swiftmodule /Applications/Xcode.app/Contents/Developer/Toolchains/XcodeDefault.xctoolchain/usr/lib/swift/macosx/prebuilt-modules/26.5/UniformTypeIdentifiers.swiftmodule/arm64e-apple-macos.swiftmodule /Applications/Xcode.app/Contents/Developer/Toolchains/XcodeDefault.xctoolchain/usr/lib/swift/macosx/prebuilt-modules/26.5/_DarwinFoundation3.swiftmodule/arm64e-apple-macos.swiftmodule /Applications/Xcode.app/Contents/Developer/Toolchains/XcodeDefault.xctoolchain/usr/lib/swift/macosx/prebuilt-modules/26.5/SwiftUI.swiftmodule/arm64e-apple-macos.swiftmodule /Applications/Xcode.app/Contents/Developer/Toolchains/XcodeDefault.xctoolchain/usr/lib/swift/macosx/prebuilt-modules/26.5/AVFoundation.swiftmodule/arm64e-apple-macos.swiftmodule /Applications/Xcode.app/Contents/Developer/Toolchains/XcodeDefault.xctoolchain/usr/lib/swift/macosx/prebuilt-modules/26.5/Spatial.swiftmodule/arm64e-apple-macos.swiftmodule /Applications/Xcode.app/Contents/Developer/Toolchains/XcodeDefault.xctoolchain/usr/lib/swift/macosx/prebuilt-modules/26.5/LocalAuthentication.swiftmodule/arm64e-apple-macos.swiftmodule /Applications/Xcode.app/Contents/Developer/Toolchains/XcodeDefault.xctoolchain/usr/lib/swift/macosx/prebuilt-modules/26.5/CoreData.swiftmodule/arm64e-apple-macos.swiftmodule /Applications/Xcode.app/Contents/Developer/Toolchains/XcodeDefault.xctoolchain/usr/lib/swift/macosx/prebuilt-modules/26.5/Swift.swiftmodule/arm64e-apple-macos.swiftmodule /Applications/Xcode.app/Contents/Developer/Toolchains/XcodeDefault.xctoolchain/usr/lib/swift/macosx/prebuilt-modules/26.5/_DarwinFoundation2.swiftmodule/arm64e-apple-macos.swiftmodule /Applications/Xcode.app/Contents/Developer/Toolchains/XcodeDefault.xctoolchain/usr/lib/swift/macosx/prebuilt-modules/26.5/_StringProcessing.swiftmodule/arm64e-apple-macos.swiftmodule /Applications/Xcode.app/Contents/Developer/Toolchains/XcodeDefault.xctoolchain/usr/lib/swift/macosx/prebuilt-modules/26.5/OSLog.swiftmodule/arm64e-apple-macos.swiftmodule /Applications/Xcode.app/Contents/Developer/Toolchains/XcodeDefault.xctoolchain/usr/lib/swift/macosx/prebuilt-modules/26.5/XPC.swiftmodule/arm64e-apple-macos.swiftmodule /Applications/Xcode.app/Contents/Developer/Toolchains/XcodeDefault.xctoolchain/usr/lib/swift/macosx/prebuilt-modules/26.5/Darwin.swiftmodule/arm64e-apple-macos.swiftmodule /Applications/Xcode.app/Contents/Developer/Toolchains/XcodeDefault.xctoolchain/usr/lib/swift/macosx/prebuilt-modules/26.5/AVFAudio.swiftmodule/arm64e-apple-macos.swiftmodule /Users/matthieumisiraca/Library/Developer/Xcode/DerivedData/ModuleCache.noindex/_DarwinFoundation2-8E3HADRYF6UWX4OE4DXVTQR9F.pcm /Users/matthieumisiraca/Library/Developer/Xcode/DerivedData/ModuleCache.noindex/SwiftShims-6P4VEFS4JAK5GR8HHA786F2Q1.pcm /Users/matthieumisiraca/Library/Developer/Xcode/DerivedData/ModuleCache.noindex/CoreData-3S1BS7E4NSKFQ4OHTGM4DRK1D.pcm /Users/matthieumisiraca/Library/Developer/Xcode/DerivedData/ModuleCache.noindex/Network-929YVFOUSCZCB7PUHH6G1S6I5.pcm /Users/matthieumisiraca/Library/Developer/Xcode/DerivedData/ModuleCache.noindex/_Builtin_stdbool-30S9CX70H369DCX7HGERTW0QK.pcm /Users/matthieumisiraca/Library/Developer/Xcode/DerivedData/ModuleCache.noindex/Dispatch-3A2ASXLV6VBHZFHFU0WUBSYNZ.pcm /Users/matthieumisiraca/Library/Developer/Xcode/DerivedData/ModuleCache.noindex/_LocationEssentials-A0SUAYSYH7YB3WGHYZ7PX7KO8.pcm /Users/matthieumisiraca/Library/Developer/Xcode/DerivedData/ModuleCache.noindex/_Builtin_float-9G8ZMV8B8Q44596K4E7VJD6ID.pcm /Users/matthieumisiraca/Library/Developer/Xcode/DerivedData/MisiCopy-ejbrxwynvlcuzmaseszgazwfdqpc/Build/Intermediates.noindex/ArchiveIntermediates/MisiCopy/IntermediateBuildFilesPath/SwiftExplicitPrecompiledModules/Sparkle-A22EL0ENKKYK3HOXGM0XEIQWU.pcm /Users/matthieumisiraca/Library/Developer/Xcode/DerivedData/ModuleCache.noindex/Metal-7FNS7YK32SA7CA1CPMAKLBFSN.pcm /Users/matthieumisiraca/Library/Developer/Xcode/DerivedData/ModuleCache.noindex/_Builtin_stdint-C6006XA3M405IFKDVRMGFBUS0.pcm /Users/matthieumisiraca/Library/Developer/Xcode/DerivedData/ModuleCache.noindex/Security-27G5529TKK64JID5RDOV7FTN6.pcm /Users/matthieumisiraca/Library/Developer/Xcode/DerivedData/ModuleCache.noindex/ApplicationServices-Q24E2SQSMP7NX88WFMEWZXWC.pcm /Users/matthieumisiraca/Library/Developer/Xcode/DerivedData/ModuleCache.noindex/LocalAuthentication-DV1BFI717NJIBH7G6KUMQ1G8V.pcm /Users/matthieumisiraca/Library/Developer/Xcode/DerivedData/ModuleCache.noindex/OSLog-4C771CTIKAR7Y9YVA09AUAM0O.pcm /Users/matthieumisiraca/Library/Developer/Xcode/DerivedData/ModuleCache.noindex/CoreMedia-D0B1PJVWOZ9H13YSQTHJCAE87.pcm /Users/matthieumisiraca/Library/Developer/Xcode/DerivedData/ModuleCache.noindex/CoreLocation-AM6QE4XTWW0NNMGPDZXZ4KG72.pcm /Users/matthieumisiraca/Library/Developer/Xcode/DerivedData/ModuleCache.noindex/SwiftUICore-BQT6KB2POS78NGRLSRT363FLT.pcm /Users/matthieumisiraca/Library/Developer/Xcode/DerivedData/ModuleCache.noindex/ImageIO-EP4RNGHHG2111EALBLUUIZYLH.pcm /Users/matthieumisiraca/Library/Developer/Xcode/DerivedData/ModuleCache.noindex/IOSurface-9OPAAZ5WE0GAX50IGR2WKBYI8.pcm /Users/matthieumisiraca/Library/Developer/Xcode/DerivedData/ModuleCache.noindex/ObjectiveC-6FHDSKHZ5OC0PAPA813D24BA.pcm /Users/matthieumisiraca/Library/Developer/Xcode/DerivedData/ModuleCache.noindex/sys_types-AD0Q5O2AH75C202NOLDQILMD5.pcm /Users/matthieumisiraca/Library/Developer/Xcode/DerivedData/ModuleCache.noindex/_AvailabilityInternal-EYSPDU4CYCV358YO2772WI4DI.pcm /Users/matthieumisiraca/Library/Developer/Xcode/DerivedData/ModuleCache.noindex/CoreTransferable-QK9R77PY28JCIXZZMYSOPGJ2.pcm /Users/matthieumisiraca/Library/Developer/Xcode/DerivedData/ModuleCache.noindex/CFNetwork-278R95AN1U1MKDCMT8XCO4HUW.pcm /Users/matthieumisiraca/Library/Developer/Xcode/DerivedData/ModuleCache.noindex/CoreFoundation-79OLDYDH9HEJGJE8XFLYZIBGN.pcm /Users/matthieumisiraca/Library/Developer/Xcode/DerivedData/ModuleCache.noindex/CoreServices-86JNOE2ASSBJYYQYVN1IOIXPR.pcm /Users/matthieumisiraca/Library/Developer/Xcode/DerivedData/ModuleCache.noindex/dnssd-3EF5PDUDKS48JNYAZPWT559RW.pcm /Users/matthieumisiraca/Library/Developer/Xcode/DerivedData/ModuleCache.noindex/Spatial-3KHE2W2YXV2M1DUBL4G0HZWDY.pcm /Users/matthieumisiraca/Library/Developer/Xcode/DerivedData/ModuleCache.noindex/DeveloperToolsSupport-8POXTITUS9MRYN2Z67BASO05T.pcm /Users/matthieumisiraca/Library/Developer/Xcode/DerivedData/ModuleCache.noindex/ptrcheck-8DLC15XXTGUD8SXY8KTV8R7FY.pcm /Users/matthieumisiraca/Library/Developer/Xcode/DerivedData/ModuleCache.noindex/_Builtin_inttypes-BBEX255TGVKNH0YJKD5N0AFAQ.pcm /Users/matthieumisiraca/Library/Developer/Xcode/DerivedData/ModuleCache.noindex/os-3T6UF8AC481E0ULYGJMLH8IPN.pcm /Users/matthieumisiraca/Library/Developer/Xcode/DerivedData/ModuleCache.noindex/libkern-3JCJN3RKU2C7XUWPZ0KS522NB.pcm /Users/matthieumisiraca/Library/Developer/Xcode/DerivedData/ModuleCache.noindex/MachO-8STOKG47V7COBA9ONI8Q0JR2A.pcm /Users/matthieumisiraca/Library/Developer/Xcode/DerivedData/ModuleCache.noindex/DataDetection-5JT4H6CZUSU9S46NO0L3OSQRV.pcm /Users/matthieumisiraca/Library/Developer/Xcode/DerivedData/ModuleCache.noindex/simd-B9F2TSCWM5I1CDYZD9BPJP235.pcm /Users/matthieumisiraca/Library/Developer/Xcode/DerivedData/ModuleCache.noindex/_Builtin_intrinsics-W2308YVTGYRQ73K06VZWX6VX.pcm /Users/matthieumisiraca/Library/Developer/Xcode/DerivedData/ModuleCache.noindex/_Builtin_stdatomic-9BBFGFNYV6VHMB00034B3ZJVK.pcm /Users/matthieumisiraca/Library/Developer/Xcode/DerivedData/ModuleCache.noindex/AVFAudio-BF5L7B4IF9IPHYFLVG8U8BAGQ.pcm /Users/matthieumisiraca/Library/Developer/Xcode/DerivedData/ModuleCache.noindex/MediaToolbox-6NQO07WG1T9LPNZB306I4LI6M.pcm /Users/matthieumisiraca/Library/Developer/Xcode/DerivedData/ModuleCache.noindex/SwiftUI-6P8BW4BMTXA6X8H99EV82N65S.pcm /Users/matthieumisiraca/Library/Developer/Xcode/DerivedData/ModuleCache.noindex/libDER-830YRZ2CUFNDPYCL7I2WBH0NO.pcm /Users/matthieumisiraca/Library/Developer/Xcode/DerivedData/ModuleCache.noindex/CoreMIDI-6XSTM37WFVIAK3CMXW4NCFAOT.pcm /Users/matthieumisiraca/Library/Developer/Xcode/DerivedData/ModuleCache.noindex/Carbon-7VAW2FWNDQY2XSPRT4DFTJOEM.pcm /Users/matthieumisiraca/Library/Developer/Xcode/DerivedData/ModuleCache.noindex/QuartzCore-8B28NRRO92Z39NLOVT866T202.pcm /Users/matthieumisiraca/Library/Developer/Xcode/DerivedData/ModuleCache.noindex/_Builtin_limits-CKRT5YXEPYUO1399TLGI4DOW8.pcm /Users/matthieumisiraca/Library/Developer/Xcode/DerivedData/ModuleCache.noindex/CoreAudioTypes-9308AM79XX58G4VA5I2LFSVI7.pcm /Users/matthieumisiraca/Library/Developer/Xcode/DerivedData/ModuleCache.noindex/ColorSync-63T0C55A5H4MKKE4ZAGXHRHF3.pcm /Users/matthieumisiraca/Library/Developer/Xcode/DerivedData/ModuleCache.noindex/UniformTypeIdentifiers-90021KRXOSWR59UEEJ59JUMQT.pcm /Users/matthieumisiraca/Library/Developer/Xcode/DerivedData/ModuleCache.noindex/_DarwinFoundation1-BL3U13NUMJX2GVZQM4MWBE99C.pcm /Users/matthieumisiraca/Library/Developer/Xcode/DerivedData/ModuleCache.noindex/IOKit-WCMX1ELXM35EE05OHW80KG6M.pcm /Users/matthieumisiraca/Library/Developer/Xcode/DerivedData/ModuleCache.noindex/_Builtin_stdarg-C6B35YOPHJMLKINW9DH121QV2.pcm /Users/matthieumisiraca/Library/Developer/Xcode/DerivedData/ModuleCache.noindex/UserNotifications-4PKG9RU1RKU1DSGKXRZXO1DUF.pcm /Users/matthieumisiraca/Library/Developer/Xcode/DerivedData/ModuleCache.noindex/os_workgroup-E3QUHZHYPPJYN1C2MRSFQ7SOO.pcm /Users/matthieumisiraca/Library/Developer/Xcode/DerivedData/ModuleCache.noindex/CUPS-6ORH728Q7Z1MPC5ELO2P52IEU.pcm /Users/matthieumisiraca/Library/Developer/Xcode/DerivedData/ModuleCache.noindex/CloudKit-98MNS276BWO7LJJ64N11MJH7E.pcm /Users/matthieumisiraca/Library/Developer/Xcode/DerivedData/ModuleCache.noindex/XPC-8TPPQMP8QXIVJ2GJ8475K5RNL.pcm /Users/matthieumisiraca/Library/Developer/Xcode/DerivedData/ModuleCache.noindex/Foundation-9IJTHSRMDGAFKUF72UDIHPKZA.pcm /Users/matthieumisiraca/Library/Developer/Xcode/DerivedData/ModuleCache.noindex/AVFoundation-7MENXURT82PTNRTZBPRGO90HR.pcm /Users/matthieumisiraca/Library/Developer/Xcode/DerivedData/ModuleCache.noindex/Symbols-4QWPC3EYXXJPUO0E64XFONRTN.pcm /Users/matthieumisiraca/Library/Developer/Xcode/DerivedData/ModuleCache.noindex/CoreGraphics-A56IIRC1FQ51EK4DI5S0Y99I8.pcm /Users/matthieumisiraca/Library/Developer/Xcode/DerivedData/ModuleCache.noindex/_DarwinFoundation3-1RDQ512OQ5OY745D0NGFIBHKT.pcm /Users/matthieumisiraca/Library/Developer/Xcode/DerivedData/ModuleCache.noindex/os_object-8T4EEP5IWD8SXFG3UNJ5BADMA.pcm /Users/matthieumisiraca/Library/Developer/Xcode/DerivedData/ModuleCache.noindex/AppKit-9DQX92YSUF8IDQ8VH5RNBJ9DT.pcm /Users/matthieumisiraca/Library/Developer/Xcode/DerivedData/ModuleCache.noindex/_Builtin_tgmath-24KET5915QAKRH37KLOXEHSJJ.pcm /Users/matthieumisiraca/Library/Developer/Xcode/DerivedData/ModuleCache.noindex/launch-4MTYSF809L1J1MIS946RPUV9Y.pcm /Users/matthieumisiraca/Library/Developer/Xcode/DerivedData/ModuleCache.noindex/_Builtin_stddef-1BL2CU0YJ4GICCEEP5WSTR03I.pcm /Users/matthieumisiraca/Library/Developer/Xcode/DerivedData/ModuleCache.noindex/Darwin-2KXDY10EGI2LQ3RJ4ST57QRL8.pcm /Users/matthieumisiraca/Library/Developer/Xcode/DerivedData/ModuleCache.noindex/CoreVideo-2V5WL5Z782E3HWE7B8JR3LT70.pcm /Users/matthieumisiraca/Library/Developer/Xcode/DerivedData/ModuleCache.noindex/OpenGL-CMI0MMC81OGOX7X9MHDBQGDFW.pcm /Users/matthieumisiraca/Library/Developer/Xcode/DerivedData/ModuleCache.noindex/Accessibility-ETOHM1ML3JYEPNLNVKKX73ZU1.pcm /Users/matthieumisiraca/Library/Developer/Xcode/DerivedData/ModuleCache.noindex/ptrauth-62JN883I1OHFRA0BB1IEZV8YD.pcm /Users/matthieumisiraca/Library/Developer/Xcode/DerivedData/ModuleCache.noindex/CoreImage-D2ZZ9QNVOCEOBPQAM57YQ54J6.pcm /Users/matthieumisiraca/Library/Developer/Xcode/DerivedData/ModuleCache.noindex/CoreAudio-9ET8RSDV174N1C63KTWJOH02H.pcm /Users/matthieumisiraca/Library/Developer/Xcode/DerivedData/ModuleCache.noindex/CoreText-5L0EDNC9MRYON50F0967MMNZB.pcm /Users/matthieumisiraca/Library/Developer/Xcode/DerivedData/ModuleCache.noindex/DiskArbitration-41XUFZWUY5XEFDIK4I9EFJ19K.pcm /Users/matthieumisiraca/Library/Developer/Xcode/DerivedData/ModuleCache.noindex/_SwiftConcurrencyShims-8QDJM6CUEUERWDFCXJ5KDNOY0.pcm /Users/matthieumisiraca/Library/Developer/Xcode/DerivedData/ModuleCache.noindex/AudioToolbox-3MOU7X529T9WVNB3X977TNM95.pcm /Users/matthieumisiraca/Library/Developer/Xcode/DerivedData/MisiCopy-ejbrxwynvlcuzmaseszgazwfdqpc/Build/Intermediates.noindex/ArchiveIntermediates/MisiCopy/IntermediateBuildFilesPath/MisiCopy.build/Release/MisiCopy.build/Objects-normal/arm64/MisiCopy-dependencies-2.json (in target 'MisiCopy' from project 'MisiCopy')

CompileSwift normal arm64 (in target 'MisiCopy' from project 'MisiCopy')
    cd /Users/matthieumisiraca/Desktop/MisiCopy
    
/Users/matthieumisiraca/Desktop/MisiCopy/MisiCopy/Engine/ASCMHLExporter.swift:33:33: warning: call to main actor-isolated static method 'escape' in a synchronous nonisolated context
        xml += "    <hostname>\(escape(host))</hostname>\n"
                                ^
/Users/matthieumisiraca/Desktop/MisiCopy/MisiCopy/Engine/ASCMHLExporter.swift:73:25: note: calls to static method 'escape' from outside of its actor context are implicitly asynchronous
    private static func escape(_ s: String) -> String {
                        ^
/Users/matthieumisiraca/Desktop/MisiCopy/MisiCopy/Engine/ASCMHLExporter.swift:36:31: warning: call to main actor-isolated static method 'escape' in a synchronous nonisolated context
        xml += "      <name>\(escape(user))</name>\n"
                              ^
/Users/matthieumisiraca/Desktop/MisiCopy/MisiCopy/Engine/ASCMHLExporter.swift:73:25: note: calls to static method 'escape' from outside of its actor context are implicitly asynchronous
    private static func escape(_ s: String) -> String {
                        ^
/Users/matthieumisiraca/Desktop/MisiCopy/MisiCopy/Engine/ASCMHLExporter.swift:51:57: warning: call to main actor-isolated static method 'escape' in a synchronous nonisolated context
            xml += "      <path size=\"\(file.size)\">\(escape(file.relativePath))</path>\n"
                                                        ^
/Users/matthieumisiraca/Desktop/MisiCopy/MisiCopy/Engine/ASCMHLExporter.swift:73:25: note: calls to static method 'escape' from outside of its actor context are implicitly asynchronous
    private static func escape(_ s: String) -> String {
                        ^
/Users/matthieumisiraca/Desktop/MisiCopy/MisiCopy/Engine/ASCMHLExporter.swift:53:44: warning: main actor-isolated property 'mhlTag' can not be referenced from a nonisolated context
                xml += "      <\(algorithm.mhlTag) action=\"verified\" hashdate=\"\(iso.string(from: endDate))\">\(checksum)</\(algorithm.mhlTag)>\n"
                                           ^
/Users/matthieumisiraca/Desktop/MisiCopy/MisiCopy/Models/ChecksumAlgorithm.swift:30:9: note: property declared here
    var mhlTag: String {
        ^
/Users/matthieumisiraca/Desktop/MisiCopy/MisiCopy/Engine/ASCMHLExporter.swift:53:139: warning: main actor-isolated property 'mhlTag' can not be referenced from a nonisolated context
                xml += "      <\(algorithm.mhlTag) action=\"verified\" hashdate=\"\(iso.string(from: endDate))\">\(checksum)</\(algorithm.mhlTag)>\n"
                                                                                                                                          ^
/Users/matthieumisiraca/Desktop/MisiCopy/MisiCopy/Models/ChecksumAlgorithm.swift:30:9: note: property declared here
    var mhlTag: String {
        ^
/Users/matthieumisiraca/Desktop/MisiCopy/MisiCopy/Engine/ASCMHLExporter.swift:62:44: warning: call to main actor-isolated static method 'escape' in a synchronous nonisolated context
            xml += "    <hashlist path=\"\(escape(source.path(percentEncoded: false)))\" role=\"source\"/>\n"
                                           ^
/Users/matthieumisiraca/Desktop/MisiCopy/MisiCopy/Engine/ASCMHLExporter.swift:73:25: note: calls to static method 'escape' from outside of its actor context are implicitly asynchronous
    private static func escape(_ s: String) -> String {
                        ^
/Users/matthieumisiraca/Desktop/MisiCopy/MisiCopy/Engine/ASCMHLExporter.swift:65:44: warning: call to main actor-isolated static method 'escape' in a synchronous nonisolated context
            xml += "    <hashlist path=\"\(escape(destination.path))\" role=\"destination\"/>\n"
                                           ^
/Users/matthieumisiraca/Desktop/MisiCopy/MisiCopy/Engine/ASCMHLExporter.swift:73:25: note: calls to static method 'escape' from outside of its actor context are implicitly asynchronous
    private static func escape(_ s: String) -> String {
                        ^
/Users/matthieumisiraca/Desktop/MisiCopy/MisiCopy/Engine/ASCMHLExporter.swift:65:63: warning: main actor-isolated property 'path' can not be referenced from a nonisolated context
            xml += "    <hashlist path=\"\(escape(destination.path))\" role=\"destination\"/>\n"
                                                              ^
/Users/matthieumisiraca/Desktop/MisiCopy/MisiCopy/Models/Destination.swift:19:9: note: property declared here
    var path: String { url.path(percentEncoded: false) }
        ^
/Users/matthieumisiraca/Desktop/MisiCopy/MisiCopy/Engine/ChecksumCalculator.swift:39:35: warning: call to main actor-isolated initializer 'init()' in a synchronous nonisolated context
             .xxhash3_128: xxh3 = XXH3State()
                                  ^
/Users/matthieumisiraca/Desktop/MisiCopy/MisiCopy/Engine/XXH3.swift:330:5: note: calls to initializer 'init()' from outside of its actor context are implicitly asynchronous
    init() {}
    ^
/Users/matthieumisiraca/Desktop/MisiCopy/MisiCopy/Engine/ChecksumCalculator.swift:57:27: warning: call to main actor-isolated instance method 'update(bytes:count:)' in a synchronous nonisolated context
                    xxh3!.update(bytes: base.assumingMemoryBound(to: UInt8.self), count: data.count)
                          ^
/Users/matthieumisiraca/Desktop/MisiCopy/MisiCopy/Engine/XXH3.swift:332:19: note: calls to instance method 'update(bytes:count:)' from outside of its actor context are implicitly asynchronous
    mutating func update(bytes: UnsafePointer<UInt8>, count: Int) {
                  ^
/Users/matthieumisiraca/Desktop/MisiCopy/MisiCopy/Engine/ChecksumCalculator.swift:69:66: warning: call to main actor-isolated instance method 'digest64()' in a synchronous nonisolated context
        case .xxhash3_64: return String(format: "%016llx", xxh3!.digest64())
                                                                 ^
/Users/matthieumisiraca/Desktop/MisiCopy/MisiCopy/Engine/XXH3.swift:429:10: note: calls to instance method 'digest64()' from outside of its actor context are implicitly asynchronous
    func digest64() -> UInt64 {
         ^
/Users/matthieumisiraca/Desktop/MisiCopy/MisiCopy/Engine/ChecksumCalculator.swift:71:27: warning: call to main actor-isolated instance method 'digest128()' in a synchronous nonisolated context
            let r = xxh3!.digest128()
                          ^
/Users/matthieumisiraca/Desktop/MisiCopy/MisiCopy/Engine/XXH3.swift:480:10: note: calls to instance method 'digest128()' from outside of its actor context are implicitly asynchronous
    func digest128() -> (high: UInt64, low: UInt64) {
         ^
/Users/matthieumisiraca/Desktop/MisiCopy/MisiCopy/Engine/ChecksumCalculator.swift:121:21: warning: call to main actor-isolated initializer 'init()' in a synchronous nonisolated context
        var state = XXH3State()
                    ^
/Users/matthieumisiraca/Desktop/MisiCopy/MisiCopy/Engine/XXH3.swift:330:5: note: calls to initializer 'init()' from outside of its actor context are implicitly asynchronous
    init() {}
    ^
/Users/matthieumisiraca/Desktop/MisiCopy/MisiCopy/Engine/ChecksumCalculator.swift:131:31: warning: call to main actor-isolated instance method 'update(bytes:count:)' in a synchronous nonisolated context
                        state.update(bytes: base.assumingMemoryBound(to: UInt8.self), count: data.count)
                              ^
/Users/matthieumisiraca/Desktop/MisiCopy/MisiCopy/Engine/XXH3.swift:332:19: note: calls to instance method 'update(bytes:count:)' from outside of its actor context are implicitly asynchronous
    mutating func update(bytes: UnsafePointer<UInt8>, count: Int) {
                  ^
/Users/matthieumisiraca/Desktop/MisiCopy/MisiCopy/Engine/ChecksumCalculator.swift:139:48: warning: call to main actor-isolated instance method 'digest64()' in a synchronous nonisolated context
        return String(format: "%016llx", state.digest64())
                                               ^
/Users/matthieumisiraca/Desktop/MisiCopy/MisiCopy/Engine/XXH3.swift:429:10: note: calls to instance method 'digest64()' from outside of its actor context are implicitly asynchronous
    func digest64() -> UInt64 {
         ^
/Users/matthieumisiraca/Desktop/MisiCopy/MisiCopy/Engine/ChecksumCalculator.swift:147:21: warning: call to main actor-isolated initializer 'init()' in a synchronous nonisolated context
        var state = XXH3State()
                    ^
/Users/matthieumisiraca/Desktop/MisiCopy/MisiCopy/Engine/XXH3.swift:330:5: note: calls to initializer 'init()' from outside of its actor context are implicitly asynchronous
    init() {}
    ^
/Users/matthieumisiraca/Desktop/MisiCopy/MisiCopy/Engine/ChecksumCalculator.swift:154:31: warning: call to main actor-isolated instance method 'update(bytes:count:)' in a synchronous nonisolated context
                        state.update(bytes: base.assumingMemoryBound(to: UInt8.self), count: data.count)
                              ^
/Users/matthieumisiraca/Desktop/MisiCopy/MisiCopy/Engine/XXH3.swift:332:19: note: calls to instance method 'update(bytes:count:)' from outside of its actor context are implicitly asynchronous
    mutating func update(bytes: UnsafePointer<UInt8>, count: Int) {
                  ^
/Users/matthieumisiraca/Desktop/MisiCopy/MisiCopy/Engine/ChecksumCalculator.swift:162:28: warning: call to main actor-isolated instance method 'digest128()' in a synchronous nonisolated context
        let result = state.digest128()
                           ^
/Users/matthieumisiraca/Desktop/MisiCopy/MisiCopy/Engine/XXH3.swift:480:10: note: calls to instance method 'digest128()' from outside of its actor context are implicitly asynchronous
    func digest128() -> (high: UInt64, low: UInt64) {
         ^
/Users/matthieumisiraca/Desktop/MisiCopy/MisiCopy/Engine/ChecksumCalculator.swift:287:17: warning: call to main actor-isolated global function 'rotl' in a synchronous nonisolated context
            h = rotl(v1, 1) &+ rotl(v2, 7) &+ rotl(v3, 12) &+ rotl(v4, 18)
                ^
/Users/matthieumisiraca/Desktop/MisiCopy/MisiCopy/Engine/ChecksumCalculator.swift:372:14: note: calls to global function 'rotl' from outside of its actor context are implicitly asynchronous
private func rotl(_ x: UInt64, _ r: UInt64) -> UInt64 {
             ^
/Users/matthieumisiraca/Desktop/MisiCopy/MisiCopy/Engine/ChecksumCalculator.swift:287:32: warning: call to main actor-isolated global function 'rotl' in a synchronous nonisolated context
            h = rotl(v1, 1) &+ rotl(v2, 7) &+ rotl(v3, 12) &+ rotl(v4, 18)
                               ^
/Users/matthieumisiraca/Desktop/MisiCopy/MisiCopy/Engine/ChecksumCalculator.swift:372:14: note: calls to global function 'rotl' from outside of its actor context are implicitly asynchronous
private func rotl(_ x: UInt64, _ r: UInt64) -> UInt64 {
             ^
/Users/matthieumisiraca/Desktop/MisiCopy/MisiCopy/Engine/ChecksumCalculator.swift:287:47: warning: call to main actor-isolated global function 'rotl' in a synchronous nonisolated context
            h = rotl(v1, 1) &+ rotl(v2, 7) &+ rotl(v3, 12) &+ rotl(v4, 18)
                                              ^
/Users/matthieumisiraca/Desktop/MisiCopy/MisiCopy/Engine/ChecksumCalculator.swift:372:14: note: calls to global function 'rotl' from outside of its actor context are implicitly asynchronous
private func rotl(_ x: UInt64, _ r: UInt64) -> UInt64 {
             ^
/Users/matthieumisiraca/Desktop/MisiCopy/MisiCopy/Engine/ChecksumCalculator.swift:287:63: warning: call to main actor-isolated global function 'rotl' in a synchronous nonisolated context
            h = rotl(v1, 1) &+ rotl(v2, 7) &+ rotl(v3, 12) &+ rotl(v4, 18)
                                                              ^
/Users/matthieumisiraca/Desktop/MisiCopy/MisiCopy/Engine/ChecksumCalculator.swift:372:14: note: calls to global function 'rotl' from outside of its actor context are implicitly asynchronous
private func rotl(_ x: UInt64, _ r: UInt64) -> UInt64 {
             ^
/Users/matthieumisiraca/Desktop/MisiCopy/MisiCopy/Engine/ChecksumCalculator.swift:306:17: warning: call to main actor-isolated global function 'rotl' in a synchronous nonisolated context
            h = rotl(h, 27) &* Self.p1 &+ Self.p4
                ^
/Users/matthieumisiraca/Desktop/MisiCopy/MisiCopy/Engine/ChecksumCalculator.swift:372:14: note: calls to global function 'rotl' from outside of its actor context are implicitly asynchronous
private func rotl(_ x: UInt64, _ r: UInt64) -> UInt64 {
             ^
/Users/matthieumisiraca/Desktop/MisiCopy/MisiCopy/Engine/ChecksumCalculator.swift:315:17: warning: call to main actor-isolated global function 'rotl' in a synchronous nonisolated context
            h = rotl(h, 23) &* Self.p2 &+ Self.p3
                ^
/Users/matthieumisiraca/Desktop/MisiCopy/MisiCopy/Engine/ChecksumCalculator.swift:372:14: note: calls to global function 'rotl' from outside of its actor context are implicitly asynchronous
private func rotl(_ x: UInt64, _ r: UInt64) -> UInt64 {
             ^
/Users/matthieumisiraca/Desktop/MisiCopy/MisiCopy/Engine/ChecksumCalculator.swift:320:17: warning: call to main actor-isolated global function 'rotl' in a synchronous nonisolated context
            h = rotl(h, 11) &* Self.p1
                ^
/Users/matthieumisiraca/Desktop/MisiCopy/MisiCopy/Engine/ChecksumCalculator.swift:372:14: note: calls to global function 'rotl' from outside of its actor context are implicitly asynchronous
private func rotl(_ x: UInt64, _ r: UInt64) -> UInt64 {
             ^
/Users/matthieumisiraca/Desktop/MisiCopy/MisiCopy/Engine/ChecksumCalculator.swift:336:13: warning: call to main actor-isolated global function 'rotl' in a synchronous nonisolated context
        a = rotl(a, 31)
            ^
/Users/matthieumisiraca/Desktop/MisiCopy/MisiCopy/Engine/ChecksumCalculator.swift:372:14: note: calls to global function 'rotl' from outside of its actor context are implicitly asynchronous
private func rotl(_ x: UInt64, _ r: UInt64) -> UInt64 {
             ^
/Users/matthieumisiraca/Desktop/MisiCopy/MisiCopy/Engine/ChecksumCalculator.swift:334:25: note: add '@MainActor' to make static method 'round' part of global actor 'MainActor'
    private static func round(_ acc: UInt64, _ input: UInt64) -> UInt64 {
                        ^
    @MainActor 
/Users/matthieumisiraca/Desktop/MisiCopy/MisiCopy/Engine/CloudChannelPublisher.swift:79:34: warning: reference to captured var 'self' in concurrently-executing code; this is an error in the Swift 6 language mode
            Task { @MainActor in self?.tick() }
                                 ^
/Users/matthieumisiraca/Desktop/MisiCopy/MisiCopy/Engine/CopyEngine.swift:367:13: warning: 'nonisolated(unsafe)' has no effect on property 'volumeObservers', consider using 'nonisolated'
    private nonisolated(unsafe) var volumeObservers: [Any] = []
            ^~~~~~~~~~~
            nonisolated
/Users/matthieumisiraca/Desktop/MisiCopy/MisiCopy/Engine/CopyEngine.swift:1667:46: warning: main actor-isolated static method 'write' cannot be called from outside of the actor; this is an error in the Swift 6 language mode
                let url = PDFReportGenerator.write(job.input)
                          ~~~~~~~~~~~~~~~~~~~^~~~~~~~~~~~~~~~
                          await 
/Users/matthieumisiraca/Desktop/MisiCopy/MisiCopy/Engine/CopyEngine.swift:1677:47: warning: main actor-isolated static method 'makeXML(source:destinations:files:algorithm:startDate:endDate:)' cannot be called from outside of the actor; this is an error in the Swift 6 language mode
                        let xml = MHLExporter.makeXML(
                                  ~~~~~~~~~~~~^~~~~~~~
                                  await 
/Users/matthieumisiraca/Desktop/MisiCopy/MisiCopy/Engine/CopyEngine.swift:1785:42: warning: reference to captured var 'self' in concurrently-executing code; this is an error in the Swift 6 language mode
                    Task { @MainActor in self?.applyChunk(delta) }
                                         ^
/Users/matthieumisiraca/Desktop/MisiCopy/MisiCopy/Engine/CopyEngine.swift:2090:46: warning: reference to captured var 'self' in concurrently-executing code; this is an error in the Swift 6 language mode
                        Task { @MainActor in self?.applyChunk(delta) }
                                             ^
/Users/matthieumisiraca/Desktop/MisiCopy/MisiCopy/Engine/CopyEngine.swift:2153:34: warning: reference to captured var 'self' in concurrently-executing code; this is an error in the Swift 6 language mode
            Task { @MainActor in self?.applyVerifyChunk(delta) }
                                 ^
/Users/matthieumisiraca/Desktop/MisiCopy/MisiCopy/Engine/CopyEngine.swift:2161:34: warning: reference to captured var 'self' in concurrently-executing code; this is an error in the Swift 6 language mode
            Task { @MainActor in self?.applyChunk(delta) }
                                 ^
/Users/matthieumisiraca/Desktop/MisiCopy/MisiCopy/Engine/CopyEngine.swift:2866:63: warning: capture of 'note' with non-Sendable type 'Notification' in a '@Sendable' closure; this is an error in the Swift 6 language mode
            Task { @MainActor in self.handleVolumeMount(note: note) }
                                                              ^
Foundation.Notification:2:15: note: struct 'Notification' does not conform to the 'Sendable' protocol
public struct Notification : ReferenceConvertible, Equatable, Hashable {
              ^
/Users/matthieumisiraca/Desktop/MisiCopy/MisiCopy/Engine/CopyEngine.swift:2873:65: warning: capture of 'note' with non-Sendable type 'Notification' in a '@Sendable' closure; this is an error in the Swift 6 language mode
            Task { @MainActor in self.handleVolumeUnmount(note: note) }
                                                                ^
Foundation.Notification:2:15: note: struct 'Notification' does not conform to the 'Sendable' protocol
public struct Notification : ReferenceConvertible, Equatable, Hashable {
              ^
/Users/matthieumisiraca/Desktop/MisiCopy/MisiCopy/Engine/CopyEngine.swift:3014:13: warning: initialization of immutable value 'workspace' was never used; consider replacing with assignment to '_' or removing it
        let workspace = NSWorkspace.shared
        ~~~~^~~~~~~~~
        _
/Users/matthieumisiraca/Desktop/MisiCopy/MisiCopy/Engine/CopyEngine.swift:3092:34: warning: reference to captured var 'self' in concurrently-executing code; this is an error in the Swift 6 language mode
            Task { @MainActor in self?.notificationsAuthorized = granted }
                                 ^
/Users/matthieumisiraca/Desktop/MisiCopy/MisiCopy/Engine/CSVExporter.swift:32:17: warning: call to main actor-isolated static method 'escape' in a synchronous nonisolated context
                escape(file.displayName),
                ^
/Users/matthieumisiraca/Desktop/MisiCopy/MisiCopy/Engine/CSVExporter.swift:46:25: note: calls to static method 'escape' from outside of its actor context are implicitly asynchronous
    private static func escape(_ s: String) -> String {
                        ^
/Users/matthieumisiraca/Desktop/MisiCopy/MisiCopy/Engine/CSVExporter.swift:32:29: warning: main actor-isolated property 'displayName' can not be referenced from a nonisolated context
                escape(file.displayName),
                            ^
/Users/matthieumisiraca/Desktop/MisiCopy/MisiCopy/Models/FileItem.swift:33:9: note: property declared here
    var displayName: String { sourceURL.lastPathComponent }
        ^
/Users/matthieumisiraca/Desktop/MisiCopy/MisiCopy/Engine/CSVExporter.swift:33:17: warning: call to main actor-isolated static method 'escape' in a synchronous nonisolated context
                escape(file.relativePath),
                ^
/Users/matthieumisiraca/Desktop/MisiCopy/MisiCopy/Engine/CSVExporter.swift:46:25: note: calls to static method 'escape' from outside of its actor context are implicitly asynchronous
    private static func escape(_ s: String) -> String {
                        ^
/Users/matthieumisiraca/Desktop/MisiCopy/MisiCopy/Engine/CSVExporter.swift:35:17: warning: call to main actor-isolated static method 'escape' in a synchronous nonisolated context
                escape(bytesFmt.string(fromByteCount: file.size)),
                ^
/Users/matthieumisiraca/Desktop/MisiCopy/MisiCopy/Engine/CSVExporter.swift:46:25: note: calls to static method 'escape' from outside of its actor context are implicitly asynchronous
    private static func escape(_ s: String) -> String {
                        ^
/Users/matthieumisiraca/Desktop/MisiCopy/MisiCopy/Engine/CSVExporter.swift:36:35: warning: main actor-isolated property 'shortBadge' can not be referenced from a nonisolated context
                file.cameraFormat.shortBadge,
                                  ^
/Users/matthieumisiraca/Desktop/MisiCopy/MisiCopy/Engine/CameraFormatDetector.swift:39:9: note: property declared here
    var shortBadge: String {
        ^
/Users/matthieumisiraca/Desktop/MisiCopy/MisiCopy/Engine/CSVExporter.swift:38:17: warning: call to main actor-isolated static method 'escape' in a synchronous nonisolated context
                escape(status),
                ^
/Users/matthieumisiraca/Desktop/MisiCopy/MisiCopy/Engine/CSVExporter.swift:46:25: note: calls to static method 'escape' from outside of its actor context are implicitly asynchronous
    private static func escape(_ s: String) -> String {
                        ^
/Users/matthieumisiraca/Desktop/MisiCopy/MisiCopy/Engine/FilenameTemplate.swift:40:15: warning: main actor-isolated property 'isEnabled' can not be referenced from a nonisolated context
        guard isEnabled else { return item.displayName }
              ^
/Users/matthieumisiraca/Desktop/MisiCopy/MisiCopy/Engine/FilenameTemplate.swift:26:9: note: property declared here
    var isEnabled: Bool { !raw.trimmingCharacters(in: .whitespaces).isEmpty }
        ^
/Users/matthieumisiraca/Desktop/MisiCopy/MisiCopy/Engine/FilenameTemplate.swift:40:44: warning: main actor-isolated property 'displayName' can not be referenced from a nonisolated context
        guard isEnabled else { return item.displayName }
                                           ^
/Users/matthieumisiraca/Desktop/MisiCopy/MisiCopy/Models/FileItem.swift:33:9: note: property declared here
    var displayName: String { sourceURL.lastPathComponent }
        ^
/Users/matthieumisiraca/Desktop/MisiCopy/MisiCopy/Engine/FilenameTemplate.swift:42:30: warning: main actor-isolated property 'displayName' can not be referenced from a nonisolated context
        let original = (item.displayName as NSString).deletingPathExtension
                             ^
/Users/matthieumisiraca/Desktop/MisiCopy/MisiCopy/Models/FileItem.swift:33:9: note: property declared here
    var displayName: String { sourceURL.lastPathComponent }
        ^
/Users/matthieumisiraca/Desktop/MisiCopy/MisiCopy/Engine/FilenameTemplate.swift:43:25: warning: main actor-isolated property 'displayName' can not be referenced from a nonisolated context
        let ext = (item.displayName as NSString).pathExtension
                        ^
/Users/matthieumisiraca/Desktop/MisiCopy/MisiCopy/Models/FileItem.swift:33:9: note: property declared here
    var displayName: String { sourceURL.lastPathComponent }
        ^
/Users/matthieumisiraca/Desktop/MisiCopy/MisiCopy/Engine/FilenameTemplate.swift:60:32: warning: main actor-isolated property 'sourceRootName' can not be referenced from a nonisolated context
            "{source}":   item.sourceRootName,
                               ^
/Users/matthieumisiraca/Desktop/MisiCopy/MisiCopy/Models/FileItem.swift:34:9: note: property declared here
    var sourceRootName: String { sourceRoot.lastPathComponent }
        ^
/Users/matthieumisiraca/Desktop/MisiCopy/MisiCopy/Engine/FilenameTemplate.swift:61:45: warning: main actor-isolated property 'shortBadge' can not be referenced from a nonisolated context
            "{camera}":   item.cameraFormat.shortBadge.isEmpty
                                            ^
/Users/matthieumisiraca/Desktop/MisiCopy/MisiCopy/Engine/CameraFormatDetector.swift:39:9: note: property declared here
    var shortBadge: String {
        ^
/Users/matthieumisiraca/Desktop/MisiCopy/MisiCopy/Engine/FilenameTemplate.swift:62:55: warning: main actor-isolated property 'shortBadge' can not be referenced from a nonisolated context
                          ? "RAW" : item.cameraFormat.shortBadge,
                                                      ^
/Users/matthieumisiraca/Desktop/MisiCopy/MisiCopy/Engine/CameraFormatDetector.swift:39:9: note: property declared here
    var shortBadge: String {
        ^
/Users/matthieumisiraca/Desktop/MisiCopy/MisiCopy/Engine/FilenameTemplate.swift:77:29: warning: main actor-isolated static property 'counterRegex' can not be referenced from a nonisolated context
        if let regex = Self.counterRegex {
                            ^
/Users/matthieumisiraca/Desktop/MisiCopy/MisiCopy/Engine/FilenameTemplate.swift:30:24: note: static property declared here
    private static let counterRegex: NSRegularExpression? = {
                       ^
/Users/matthieumisiraca/Desktop/MisiCopy/MisiCopy/Engine/HTMLExporter.swift:79:18: warning: call to main actor-isolated static method 'esc' in a synchronous nonisolated context
            <p>\(esc(l10n.headerSubtitle))</p>
                 ^
/Users/matthieumisiraca/Desktop/MisiCopy/MisiCopy/Engine/HTMLExporter.swift:149:25: note: calls to static method 'esc' from outside of its actor context are implicitly asynchronous
    private static func esc(_ s: String) -> String {
                        ^
/Users/matthieumisiraca/Desktop/MisiCopy/MisiCopy/Engine/HTMLExporter.swift:79:27: warning: main actor-isolated property 'headerSubtitle' can not be referenced from a nonisolated context
            <p>\(esc(l10n.headerSubtitle))</p>
                          ^
/Users/matthieumisiraca/Desktop/MisiCopy/MisiCopy/DesignSystem/Localization.swift:47:9: note: property declared here
    var headerSubtitle: String {
        ^
/Users/matthieumisiraca/Desktop/MisiCopy/MisiCopy/Engine/HTMLExporter.swift:82:15: warning: call to main actor-isolated static method 'esc' in a synchronous nonisolated context
            \(esc(dateFmt.string(from: endDate)))<br>
              ^
/Users/matthieumisiraca/Desktop/MisiCopy/MisiCopy/Engine/HTMLExporter.swift:149:25: note: calls to static method 'esc' from outside of its actor context are implicitly asynchronous
    private static func esc(_ s: String) -> String {
                        ^
/Users/matthieumisiraca/Desktop/MisiCopy/MisiCopy/Engine/HTMLExporter.swift:89:26: warning: call to main actor-isolated static method 'esc' in a synchronous nonisolated context
            <div><span>\(esc(l10n.sectionSource))</span>\(esc(source?.path(percentEncoded: false) ?? "—"))</div>
/Users/matthieumisiraca/Desktop/MisiCopy/MisiCopy/Engine/HTMLExporter.swift:149:25: note: calls to static method 'esc' from outside of its actor context are implicitly asynchronous
    private static func esc(_ s: String) -> String {
                        ^
/Users/matthieumisiraca/Desktop/MisiCopy/MisiCopy/Engine/HTMLExporter.swift:89:35: warning: main actor-isolated property 'sectionSource' can not be referenced from a nonisolated context
            <div><span>\(esc(l10n.sectionSource))</span>\(esc(source?.path(percentEncoded: false) ?? "—"))</div>
/Users/matthieumisiraca/Desktop/MisiCopy/MisiCopy/DesignSystem/Localization.swift:63:9: note: property declared here
    var sectionSource: String {
        ^
/Users/matthieumisiraca/Desktop/MisiCopy/MisiCopy/Engine/HTMLExporter.swift:89:59: warning: call to main actor-isolated static method 'esc' in a synchronous nonisolated context
            <div><span>\(esc(l10n.sectionSource))</span>\(esc(source?.path(percentEncoded: false) ?? "—"))</div>
/Users/matthieumisiraca/Desktop/MisiCopy/MisiCopy/Engine/HTMLExporter.swift:149:25: note: calls to static method 'esc' from outside of its actor context are implicitly asynchronous
    private static func esc(_ s: String) -> String {
                        ^
/Users/matthieumisiraca/Desktop/MisiCopy/MisiCopy/Engine/HTMLExporter.swift:90:26: warning: call to main actor-isolated static method 'esc' in a synchronous nonisolated context
            <div><span>\(esc(l10n.sectionDestinations))</span>\(destinations.map { esc($0.path) }.joined(separator: "<br>"))</div>
                         ^
/Users/matthieumisiraca/Desktop/MisiCopy/MisiCopy/Engine/HTMLExporter.swift:149:25: note: calls to static method 'esc' from outside of its actor context are implicitly asynchronous
    private static func esc(_ s: String) -> String {
                        ^
/Users/matthieumisiraca/Desktop/MisiCopy/MisiCopy/Engine/HTMLExporter.swift:90:35: warning: main actor-isolated property 'sectionDestinations' can not be referenced from a nonisolated context
            <div><span>\(esc(l10n.sectionDestinations))</span>\(destinations.map { esc($0.path) }.joined(separator: "<br>"))</div>
                                  ^
/Users/matthieumisiraca/Desktop/MisiCopy/MisiCopy/DesignSystem/Localization.swift:70:9: note: property declared here
    var sectionDestinations: String {
        ^
/Users/matthieumisiraca/Desktop/MisiCopy/MisiCopy/Engine/HTMLExporter.swift:90:84: warning: call to main actor-isolated static method 'esc' in a synchronous nonisolated context
            <div><span>\(esc(l10n.sectionDestinations))</span>\(destinations.map { esc($0.path) }.joined(separator: "<br>"))</div>
                                                                                   ^
/Users/matthieumisiraca/Desktop/MisiCopy/MisiCopy/Engine/HTMLExporter.swift:149:25: note: calls to static method 'esc' from outside of its actor context are implicitly asynchronous
    private static func esc(_ s: String) -> String {
                        ^
/Users/matthieumisiraca/Desktop/MisiCopy/MisiCopy/Engine/HTMLExporter.swift:90:91: warning: main actor-isolated property 'path' can not be referenced from a nonisolated context
            <div><span>\(esc(l10n.sectionDestinations))</span>\(destinations.map { esc($0.path) }.joined(separator: "<br>"))</div>
                                                                                          ^
/Users/matthieumisiraca/Desktop/MisiCopy/MisiCopy/Models/Destination.swift:19:9: note: property declared here
    var path: String { url.path(percentEncoded: false) }
        ^
/Users/matthieumisiraca/Desktop/MisiCopy/MisiCopy/Engine/HTMLExporter.swift:91:26: warning: call to main actor-isolated static method 'esc' in a synchronous nonisolated context
            <div><span>\(esc(l10n.sectionMode))</span>\(esc(l10n.modeTitle(mode)))</div>
                         ^
/Users/matthieumisiraca/Desktop/MisiCopy/MisiCopy/Engine/HTMLExporter.swift:149:25: note: calls to static method 'esc' from outside of its actor context are implicitly asynchronous
    private static func esc(_ s: String) -> String {
                        ^
/Users/matthieumisiraca/Desktop/MisiCopy/MisiCopy/Engine/HTMLExporter.swift:91:35: warning: main actor-isolated property 'sectionMode' can not be referenced from a nonisolated context
            <div><span>\(esc(l10n.sectionMode))</span>\(esc(l10n.modeTitle(mode)))</div>
                                  ^
/Users/matthieumisiraca/Desktop/MisiCopy/MisiCopy/DesignSystem/Localization.swift:56:9: note: property declared here
    var sectionMode: String {
        ^
/Users/matthieumisiraca/Desktop/MisiCopy/MisiCopy/Engine/HTMLExporter.swift:91:57: warning: call to main actor-isolated static method 'esc' in a synchronous nonisolated context
            <div><span>\(esc(l10n.sectionMode))</span>\(esc(l10n.modeTitle(mode)))</div>
                                                        ^
/Users/matthieumisiraca/Desktop/MisiCopy/MisiCopy/Engine/HTMLExporter.swift:149:25: note: calls to static method 'esc' from outside of its actor context are implicitly asynchronous
    private static func esc(_ s: String) -> String {
                        ^
/Users/matthieumisiraca/Desktop/MisiCopy/MisiCopy/Engine/HTMLExporter.swift:91:66: warning: call to main actor-isolated instance method 'modeTitle' in a synchronous nonisolated context
            <div><span>\(esc(l10n.sectionMode))</span>\(esc(l10n.modeTitle(mode)))</div>
                                                                 ^
/Users/matthieumisiraca/Desktop/MisiCopy/MisiCopy/DesignSystem/Localization.swift:86:10: note: calls to instance method 'modeTitle' from outside of its actor context are implicitly asynchronous
    func modeTitle(_ mode: CopyMode) -> String {
         ^
/Users/matthieumisiraca/Desktop/MisiCopy/MisiCopy/Engine/HTMLExporter.swift:92:45: warning: call to main actor-isolated static method 'esc' in a synchronous nonisolated context
            <div><span>VERIFICATION</span>\(esc(l10n.modeVerificationDetail(mode)))</div>
                                            ^
/Users/matthieumisiraca/Desktop/MisiCopy/MisiCopy/Engine/HTMLExporter.swift:149:25: note: calls to static method 'esc' from outside of its actor context are implicitly asynchronous
    private static func esc(_ s: String) -> String {
                        ^
/Users/matthieumisiraca/Desktop/MisiCopy/MisiCopy/Engine/HTMLExporter.swift:92:54: warning: call to main actor-isolated instance method 'modeVerificationDetail' in a synchronous nonisolated context
            <div><span>VERIFICATION</span>\(esc(l10n.modeVerificationDetail(mode)))</div>
                                                     ^
/Users/matthieumisiraca/Desktop/MisiCopy/MisiCopy/DesignSystem/Localization.swift:102:10: note: calls to instance method 'modeVerificationDetail' from outside of its actor context are implicitly asynchronous
    func modeVerificationDetail(_ mode: CopyMode) -> String {
         ^
/Users/matthieumisiraca/Desktop/MisiCopy/MisiCopy/Engine/HTMLExporter.swift:93:26: warning: call to main actor-isolated static method 'esc' in a synchronous nonisolated context
            <div><span>\(esc(l10n.labelAlgorithm))</span>\(esc(algorithm.displayName))</div>
                         ^
/Users/matthieumisiraca/Desktop/MisiCopy/MisiCopy/Engine/HTMLExporter.swift:149:25: note: calls to static method 'esc' from outside of its actor context are implicitly asynchronous
    private static func esc(_ s: String) -> String {
                        ^
/Users/matthieumisiraca/Desktop/MisiCopy/MisiCopy/Engine/HTMLExporter.swift:93:35: warning: main actor-isolated property 'labelAlgorithm' can not be referenced from a nonisolated context
            <div><span>\(esc(l10n.labelAlgorithm))</span>\(esc(algorithm.displayName))</div>
                                  ^
/Users/matthieumisiraca/Desktop/MisiCopy/MisiCopy/DesignSystem/Localization.swift:150:9: note: property declared here
    var labelAlgorithm: String {
        ^
/Users/matthieumisiraca/Desktop/MisiCopy/MisiCopy/Engine/HTMLExporter.swift:93:60: warning: call to main actor-isolated static method 'esc' in a synchronous nonisolated context
            <div><span>\(esc(l10n.labelAlgorithm))</span>\(esc(algorithm.displayName))</div>
                                                           ^
/Users/matthieumisiraca/Desktop/MisiCopy/MisiCopy/Engine/HTMLExporter.swift:149:25: note: calls to static method 'esc' from outside of its actor context are implicitly asynchronous
    private static func esc(_ s: String) -> String {
                        ^
/Users/matthieumisiraca/Desktop/MisiCopy/MisiCopy/Engine/HTMLExporter.swift:93:74: warning: main actor-isolated property 'displayName' can not be referenced from a nonisolated context
            <div><span>\(esc(l10n.labelAlgorithm))</span>\(esc(algorithm.displayName))</div>
                                                                         ^
/Users/matthieumisiraca/Desktop/MisiCopy/MisiCopy/Models/ChecksumAlgorithm.swift:18:9: note: property declared here
    var displayName: String {
        ^
/Users/matthieumisiraca/Desktop/MisiCopy/MisiCopy/Engine/HTMLExporter.swift:94:41: warning: call to main actor-isolated static method 'esc' in a synchronous nonisolated context
            <div><span>DURATION</span>\(esc(duration))</div>
                                        ^
/Users/matthieumisiraca/Desktop/MisiCopy/MisiCopy/Engine/HTMLExporter.swift:149:25: note: calls to static method 'esc' from outside of its actor context are implicitly asynchronous
    private static func esc(_ s: String) -> String {
                        ^
/Users/matthieumisiraca/Desktop/MisiCopy/MisiCopy/Engine/HTMLExporter.swift:95:57: warning: call to main actor-isolated static method 'esc' in a synchronous nonisolated context
            <div><span>TOTAL</span>\(stats.found) — \(esc(bytesFmt.string(fromByteCount: stats.totalBytes)))</div>
/Users/matthieumisiraca/Desktop/MisiCopy/MisiCopy/Engine/HTMLExporter.swift:149:25: note: calls to static method 'esc' from outside of its actor context are implicitly asynchronous
    private static func esc(_ s: String) -> String {
                        ^
/Users/matthieumisiraca/Desktop/MisiCopy/MisiCopy/Engine/HTMLExporter.swift:100:56: warning: call to main actor-isolated static method 'esc' in a synchronous nonisolated context
          <div class="stat found"><div class="label">\(esc(l10n.statFound))</div><div class="value">\(stats.found)</div></div>
                                                       ^
/Users/matthieumisiraca/Desktop/MisiCopy/MisiCopy/Engine/HTMLExporter.swift:149:25: note: calls to static method 'esc' from outside of its actor context are implicitly asynchronous
    private static func esc(_ s: String) -> String {
                        ^
/Users/matthieumisiraca/Desktop/MisiCopy/MisiCopy/Engine/HTMLExporter.swift:100:65: warning: main actor-isolated property 'statFound' can not be referenced from a nonisolated context
          <div class="stat found"><div class="label">\(esc(l10n.statFound))</div><div class="value">\(stats.found)</div></div>
                                                                ^
/Users/matthieumisiraca/Desktop/MisiCopy/MisiCopy/DesignSystem/Localization.swift:261:9: note: property declared here
    var statFound: String {
        ^
/Users/matthieumisiraca/Desktop/MisiCopy/MisiCopy/Engine/HTMLExporter.swift:101:57: warning: call to main actor-isolated static method 'esc' in a synchronous nonisolated context
          <div class="stat copied"><div class="label">\(esc(l10n.statCopied))</div><div class="value">\(stats.copied)</div></div>
                                                        ^
/Users/matthieumisiraca/Desktop/MisiCopy/MisiCopy/Engine/HTMLExporter.swift:149:25: note: calls to static method 'esc' from outside of its actor context are implicitly asynchronous
    private static func esc(_ s: String) -> String {
                        ^
/Users/matthieumisiraca/Desktop/MisiCopy/MisiCopy/Engine/HTMLExporter.swift:101:66: warning: main actor-isolated property 'statCopied' can not be referenced from a nonisolated context
          <div class="stat copied"><div class="label">\(esc(l10n.statCopied))</div><div class="value">\(stats.copied)</div></div>
                                                                 ^
/Users/matthieumisiraca/Desktop/MisiCopy/MisiCopy/DesignSystem/Localization.swift:268:9: note: property declared here
    var statCopied: String {
        ^
/Users/matthieumisiraca/Desktop/MisiCopy/MisiCopy/Engine/HTMLExporter.swift:102:59: warning: call to main actor-isolated static method 'esc' in a synchronous nonisolated context
          <div class="stat verified"><div class="label">\(esc(l10n.statVerified))</div><div class="value">\(stats.verified)</div></div>
                                                          ^
/Users/matthieumisiraca/Desktop/MisiCopy/MisiCopy/Engine/HTMLExporter.swift:149:25: note: calls to static method 'esc' from outside of its actor context are implicitly asynchronous
    private static func esc(_ s: String) -> String {
                        ^
/Users/matthieumisiraca/Desktop/MisiCopy/MisiCopy/Engine/HTMLExporter.swift:102:68: warning: main actor-isolated property 'statVerified' can not be referenced from a nonisolated context
          <div class="stat verified"><div class="label">\(esc(l10n.statVerified))</div><div class="value">\(stats.verified)</div></div>
                                                                   ^
/Users/matthieumisiraca/Desktop/MisiCopy/MisiCopy/DesignSystem/Localization.swift:275:9: note: property declared here
    var statVerified: String {
        ^
/Users/matthieumisiraca/Desktop/MisiCopy/MisiCopy/Engine/HTMLExporter.swift:103:57: warning: call to main actor-isolated static method 'esc' in a synchronous nonisolated context
          <div class="stat failed"><div class="label">\(esc(l10n.statFailed))</div><div class="value">\(stats.failed)</div></div>
                                                        ^
/Users/matthieumisiraca/Desktop/MisiCopy/MisiCopy/Engine/HTMLExporter.swift:149:25: note: calls to static method 'esc' from outside of its actor context are implicitly asynchronous
    private static func esc(_ s: String) -> String {
                        ^
/Users/matthieumisiraca/Desktop/MisiCopy/MisiCopy/Engine/HTMLExporter.swift:103:66: warning: main actor-isolated property 'statFailed' can not be referenced from a nonisolated context
          <div class="stat failed"><div class="label">\(esc(l10n.statFailed))</div><div class="value">\(stats.failed)</div></div>
                                                                 ^
/Users/matthieumisiraca/Desktop/MisiCopy/MisiCopy/DesignSystem/Localization.swift:282:9: note: property declared here
    var statFailed: String {
        ^
/Users/matthieumisiraca/Desktop/MisiCopy/MisiCopy/Engine/HTMLExporter.swift:107:55: warning: call to main actor-isolated static method 'esc' in a synchronous nonisolated context
          <h2 style="margin-top:0; font-size:14px;">\(esc(l10n.sectionJournal))</h2>
                                                      ^
/Users/matthieumisiraca/Desktop/MisiCopy/MisiCopy/Engine/HTMLExporter.swift:149:25: note: calls to static method 'esc' from outside of its actor context are implicitly asynchronous
    private static func esc(_ s: String) -> String {
                        ^
/Users/matthieumisiraca/Desktop/MisiCopy/MisiCopy/Engine/HTMLExporter.swift:107:64: warning: main actor-isolated property 'sectionJournal' can not be referenced from a nonisolated context
          <h2 style="margin-top:0; font-size:14px;">\(esc(l10n.sectionJournal))</h2>
                                                               ^
/Users/matthieumisiraca/Desktop/MisiCopy/MisiCopy/DesignSystem/Localization.swift:77:9: note: property declared here
    var sectionJournal: String {
        ^
/Users/matthieumisiraca/Desktop/MisiCopy/MisiCopy/Engine/HTMLExporter.swift:117:34: warning: call to main actor-isolated static method 'esc' in a synchronous nonisolated context
            case .verified: ok = esc(l10n.statVerified); cls = "ok"
                                 ^
/Users/matthieumisiraca/Desktop/MisiCopy/MisiCopy/Engine/HTMLExporter.swift:149:25: note: calls to static method 'esc' from outside of its actor context are implicitly asynchronous
    private static func esc(_ s: String) -> String {
                        ^
/Users/matthieumisiraca/Desktop/MisiCopy/MisiCopy/Engine/HTMLExporter.swift:117:43: warning: main actor-isolated property 'statVerified' can not be referenced from a nonisolated context
            case .verified: ok = esc(l10n.statVerified); cls = "ok"
                                          ^
/Users/matthieumisiraca/Desktop/MisiCopy/MisiCopy/DesignSystem/Localization.swift:275:9: note: property declared here
    var statVerified: String {
        ^
/Users/matthieumisiraca/Desktop/MisiCopy/MisiCopy/Engine/HTMLExporter.swift:118:34: warning: call to main actor-isolated static method 'esc' in a synchronous nonisolated context
            case .copied:   ok = esc(l10n.statCopied);   cls = "ok"
                                 ^
/Users/matthieumisiraca/Desktop/MisiCopy/MisiCopy/Engine/HTMLExporter.swift:149:25: note: calls to static method 'esc' from outside of its actor context are implicitly asynchronous
    private static func esc(_ s: String) -> String {
                        ^
/Users/matthieumisiraca/Desktop/MisiCopy/MisiCopy/Engine/HTMLExporter.swift:118:43: warning: main actor-isolated property 'statCopied' can not be referenced from a nonisolated context
            case .copied:   ok = esc(l10n.statCopied);   cls = "ok"
                                          ^
/Users/matthieumisiraca/Desktop/MisiCopy/MisiCopy/DesignSystem/Localization.swift:268:9: note: property declared here
    var statCopied: String {
        ^
/Users/matthieumisiraca/Desktop/MisiCopy/MisiCopy/Engine/HTMLExporter.swift:119:48: warning: call to main actor-isolated static method 'esc' in a synchronous nonisolated context
            case .failed(let r): ok = "✗ " + esc(r);    cls = "err"
/Users/matthieumisiraca/Desktop/MisiCopy/MisiCopy/Engine/HTMLExporter.swift:149:25: note: calls to static method 'esc' from outside of its actor context are implicitly asynchronous
    private static func esc(_ s: String) -> String {
                        ^
/Users/matthieumisiraca/Desktop/MisiCopy/MisiCopy/Engine/HTMLExporter.swift:122:43: warning: main actor-isolated property 'shortBadge' can not be referenced from a nonisolated context
            let badge = file.cameraFormat.shortBadge.isEmpty
                                          ^
/Users/matthieumisiraca/Desktop/MisiCopy/MisiCopy/Engine/CameraFormatDetector.swift:39:9: note: property declared here
    var shortBadge: String {
        ^
/Users/matthieumisiraca/Desktop/MisiCopy/MisiCopy/Engine/HTMLExporter.swift:124:44: warning: call to main actor-isolated static method 'esc' in a synchronous nonisolated context
                : "<span class=\"badge\">\(esc(file.cameraFormat.shortBadge))</span>"
                                           ^
/Users/matthieumisiraca/Desktop/MisiCopy/MisiCopy/Engine/HTMLExporter.swift:149:25: note: calls to static method 'esc' from outside of its actor context are implicitly asynchronous
    private static func esc(_ s: String) -> String {
                        ^
/Users/matthieumisiraca/Desktop/MisiCopy/MisiCopy/Engine/HTMLExporter.swift:124:66: warning: main actor-isolated property 'shortBadge' can not be referenced from a nonisolated context
                : "<span class=\"badge\">\(esc(file.cameraFormat.shortBadge))</span>"
                                                                 ^
/Users/matthieumisiraca/Desktop/MisiCopy/MisiCopy/Engine/CameraFormatDetector.swift:39:9: note: property declared here
    var shortBadge: String {
        ^
/Users/matthieumisiraca/Desktop/MisiCopy/MisiCopy/Engine/HTMLExporter.swift:127:25: warning: call to main actor-isolated static method 'esc' in a synchronous nonisolated context
                  <td>\(esc(file.relativePath))</td>
                        ^
/Users/matthieumisiraca/Desktop/MisiCopy/MisiCopy/Engine/HTMLExporter.swift:149:25: note: calls to static method 'esc' from outside of its actor context are implicitly asynchronous
    private static func esc(_ s: String) -> String {
                        ^
/Users/matthieumisiraca/Desktop/MisiCopy/MisiCopy/Engine/HTMLExporter.swift:129:25: warning: call to main actor-isolated static method 'esc' in a synchronous nonisolated context
                  <td>\(esc(bytesFmt.string(fromByteCount: file.size)))</td>
                        ^
/Users/matthieumisiraca/Desktop/MisiCopy/MisiCopy/Engine/HTMLExporter.swift:149:25: note: calls to static method 'esc' from outside of its actor context are implicitly asynchronous
    private static func esc(_ s: String) -> String {
                        ^
/Users/matthieumisiraca/Desktop/MisiCopy/MisiCopy/Engine/HTMLExporter.swift:130:42: warning: call to main actor-isolated static method 'esc' in a synchronous nonisolated context
                  <td class="checksum">\(esc(short(file.sourceChecksum)))</td>
                                         ^
/Users/matthieumisiraca/Desktop/MisiCopy/MisiCopy/Engine/HTMLExporter.swift:149:25: note: calls to static method 'esc' from outside of its actor context are implicitly asynchronous
    private static func esc(_ s: String) -> String {
                        ^
/Users/matthieumisiraca/Desktop/MisiCopy/MisiCopy/Engine/HTMLExporter.swift:130:46: warning: call to main actor-isolated static method 'short' in a synchronous nonisolated context
                  <td class="checksum">\(esc(short(file.sourceChecksum)))</td>
                                             ^
/Users/matthieumisiraca/Desktop/MisiCopy/MisiCopy/Engine/HTMLExporter.swift:156:25: note: calls to static method 'short' from outside of its actor context are implicitly asynchronous
    private static func short(_ s: String?) -> String {
                        ^
/Users/matthieumisiraca/Desktop/MisiCopy/MisiCopy/Engine/HTMLExporter.swift:141:19: warning: call to main actor-isolated static method 'esc' in a synchronous nonisolated context
        <footer>\(esc(l10n.footerCredit)) — <a href="https://www.misicopy.com">www.misicopy.com</a></footer>
/Users/matthieumisiraca/Desktop/MisiCopy/MisiCopy/Engine/HTMLExporter.swift:149:25: note: calls to static method 'esc' from outside of its actor context are implicitly asynchronous
    private static func esc(_ s: String) -> String {
                        ^
/Users/matthieumisiraca/Desktop/MisiCopy/MisiCopy/Engine/HTMLExporter.swift:141:28: warning: main actor-isolated property 'footerCredit' can not be referenced from a nonisolated context
        <footer>\(esc(l10n.footerCredit)) — <a href="https://www.misicopy.com">www.misicopy.com</a></footer>
/Users/matthieumisiraca/Desktop/MisiCopy/MisiCopy/DesignSystem/Localization.swift:351:9: note: property declared here
    var footerCredit: String {
        ^
/Users/matthieumisiraca/Desktop/MisiCopy/MisiCopy/Engine/LocalChannelServer.swift:146:21: warning: reference to captured var 'self' in concurrently-executing code; this is an error in the Swift 6 language mode
                    self?.delegate?.localChannel(didReceive: cmd)
                    ^
/Users/matthieumisiraca/Desktop/MisiCopy/MisiCopy/Engine/LocalChannelServer.swift:151:21: warning: reference to captured var 'self' in concurrently-executing code; this is an error in the Swift 6 language mode
                    self?.delegate?.localChannel(didReceiveLiveActivityToken: token,
                    ^
/Users/matthieumisiraca/Desktop/MisiCopy/MisiCopy/Engine/LocalChannelServer.swift:157:21: warning: reference to captured var 'self' in concurrently-executing code; this is an error in the Swift 6 language mode
                    self?.delegate?.localChannelDidAcceptClient()
                    ^
/Users/matthieumisiraca/Desktop/MisiCopy/MisiCopy/Engine/LocalChannelServer.swift:162:21: warning: reference to captured var 'self' in concurrently-executing code; this is an error in the Swift 6 language mode
                    self?.clients.removeValue(forKey: id)
                    ^
/Users/matthieumisiraca/Desktop/MisiCopy/MisiCopy/Engine/LocalChannelServer.swift:164:25: warning: reference to captured var 'self' in concurrently-executing code; this is an error in the Swift 6 language mode
                        self?.delegate?.localChannelDidDropClient()
                        ^
/Users/matthieumisiraca/Desktop/MisiCopy/MisiCopy/Engine/MHLVerifier.swift:43:23: warning: call to main actor-isolated initializer 'init()' in a synchronous nonisolated context
        let handler = MHLParseHandler()
                      ^
/Users/matthieumisiraca/Desktop/MisiCopy/MisiCopy/Engine/MHLVerifier.swift:73:66: note: calls to initializer 'init()' from outside of its actor context are implicitly asynchronous
private final class MHLParseHandler: NSObject, XMLParserDelegate {
                                                                 ^
/Users/matthieumisiraca/Desktop/MisiCopy/MisiCopy/Engine/MHLVerifier.swift:44:27: warning: main actor-isolated conformance of 'MHLParseHandler' to 'XMLParserDelegate' cannot be used in nonisolated context; this is an error in the Swift 6 language mode
        parser.delegate = handler
                          ^
/Users/matthieumisiraca/Desktop/MisiCopy/MisiCopy/Engine/MHLVerifier.swift:46:24: warning: main actor-isolated property 'entries' can not be referenced from a nonisolated context
        return handler.entries
                       ^
/Users/matthieumisiraca/Desktop/MisiCopy/MisiCopy/Engine/MHLVerifier.swift:74:9: note: property declared here
    var entries: [MHLEntry] = []
        ^
/Users/matthieumisiraca/Desktop/MisiCopy/MisiCopy/Engine/RemoteSyncService.swift:179:34: warning: reference to captured var 'self' in concurrently-executing code; this is an error in the Swift 6 language mode
            Task { @MainActor in self?.broadcastTick() }
                                 ^
/Users/matthieumisiraca/Desktop/MisiCopy/MisiCopy/Engine/SessionStore.swift:68:19: warning: main actor-isolated conformance of 'SavedSession' to 'Encodable' cannot be used in nonisolated context; this is an error in the Swift 6 language mode
            store.save(session)
                  ^
/Users/matthieumisiraca/Desktop/MisiCopy/MisiCopy/Engine/SessionStore.swift:68:19: warning: main actor-isolated instance method 'save' cannot be called from outside of the actor; this is an error in the Swift 6 language mode
            store.save(session)
            ~~~~~~^~~~~~~~~~~~~
            await 

SwiftDriverJobDiscovery normal arm64 Compiling AppIconView.swift, Localization.swift, Theme.swift, AppModel.swift, ASCMHLExporter.swift, CameraFormatDetector.swift, ChecksumCalculator.swift, CloudChannelPublisher.swift, CopyEngine.swift, CSVExporter.swift, DriveSpeedTester.swift, FilenameTemplate.swift, HistoryStore.swift, HTMLExporter.swift, JSONFileStore.swift, KeychainStore.swift, LicenseManager.swift, LiveActivityPushRelay.swift, LocalChannelServer.swift, MHLExporter.swift, MHLVerifier.swift, PDFReportGenerator.swift, PresetStore.swift, PSKTLSHelper.swift, QRCodeGenerator.swift, RemoteSyncService.swift, SessionStore.swift, StatusItemController.swift, ThumbnailExtractor.swift, WebhookNotifier.swift, XXH3.swift, AppLanguage.swift, ChecksumAlgorithm.swift, CopyJob.swift, CopyMode.swift, CopyStats.swift, Destination.swift, FileItem.swift, LicenseStatus.swift, LogEntry.swift, PairingPayload.swift, Preset.swift, SessionRecord.swift, SessionSnapshot.swift, DropZone.swift, OptionCard.swift, SectionHeader.swift, StatCard.swift, ActionButtonView.swift, ActivityLogView.swift, DestinationsView.swift, DITStructureView.swift, FooterView.swift, HeaderView.swift, HistoryView.swift, LicenseSettingsView.swift, ModeSelectionView.swift, QueueView.swift, RemoteSyncSettingsView.swift, SettingsView.swift, SourceSelectionView.swift, StatsView.swift, ContentView.swift, MisiCopyApp.swift, GeneratedAssetSymbols.swift (in target 'MisiCopy' from project 'MisiCopy')

SwiftDriver\ Compilation\ Requirements MisiCopy normal arm64 com.apple.xcode.tools.swift.compiler (in target 'MisiCopy' from project 'MisiCopy')
    cd /Users/matthieumisiraca/Desktop/MisiCopy
    builtin-Swift-Compilation-Requirements -- /Applications/Xcode.app/Contents/Developer/Toolchains/XcodeDefault.xctoolchain/usr/bin/swiftc -module-name MisiCopy -O -whole-module-optimization @/Users/matthieumisiraca/Library/Developer/Xcode/DerivedData/MisiCopy-ejbrxwynvlcuzmaseszgazwfdqpc/Build/Intermediates.noindex/ArchiveIntermediates/MisiCopy/IntermediateBuildFilesPath/MisiCopy.build/Release/MisiCopy.build/Objects-normal/arm64/MisiCopy.SwiftFileList -default-isolation\=MainActor -enable-bare-slash-regex -enable-upcoming-feature DisableOutwardActorInference -enable-upcoming-feature InferSendableFromCaptures -enable-upcoming-feature GlobalActorIsolatedTypesUsability -enable-upcoming-feature MemberImportVisibility -enable-upcoming-feature InferIsolatedConformances -enable-upcoming-feature NonisolatedNonsendingByDefault -enable-experimental-feature DebugDescriptionMacro -sdk /Applications/Xcode.app/Contents/Developer/Platforms/MacOSX.platform/Developer/SDKs/MacOSX26.5.sdk -target arm64-apple-macos14.6 -g -module-cache-path /Users/matthieumisiraca/Library/Developer/Xcode/DerivedData/ModuleCache.noindex -Xfrontend -serialize-debugging-options -swift-version 5 -I /Users/matthieumisiraca/Library/Developer/Xcode/DerivedData/MisiCopy-ejbrxwynvlcuzmaseszgazwfdqpc/Build/Intermediates.noindex/ArchiveIntermediates/MisiCopy/BuildProductsPath/Release -F /Users/matthieumisiraca/Library/Developer/Xcode/DerivedData/MisiCopy-ejbrxwynvlcuzmaseszgazwfdqpc/Build/Intermediates.noindex/ArchiveIntermediates/MisiCopy/BuildProductsPath/Release -emit-localized-strings -emit-localized-strings-path /Users/matthieumisiraca/Library/Developer/Xcode/DerivedData/MisiCopy-ejbrxwynvlcuzmaseszgazwfdqpc/Build/Intermediates.noindex/ArchiveIntermediates/MisiCopy/IntermediateBuildFilesPath/MisiCopy.build/Release/MisiCopy.build/Objects-normal/arm64 -c -num-threads 14 -Xcc -ivfsstatcache -Xcc /Users/matthieumisiraca/Library/Developer/Xcode/DerivedData/SDKStatCaches.noindex/macosx26.5-25F70-e082c4a02f00227109f4ed75e425c832.sdkstatcache -output-file-map /Users/matthieumisiraca/Library/Developer/Xcode/DerivedData/MisiCopy-ejbrxwynvlcuzmaseszgazwfdqpc/Build/Intermediates.noindex/ArchiveIntermediates/MisiCopy/IntermediateBuildFilesPath/MisiCopy.build/Release/MisiCopy.build/Objects-normal/arm64/MisiCopy-OutputFileMap.json -use-frontend-parseable-output -save-temps -no-color-diagnostics -explicit-module-build -module-cache-path /Users/matthieumisiraca/Library/Developer/Xcode/DerivedData/MisiCopy-ejbrxwynvlcuzmaseszgazwfdqpc/Build/Intermediates.noindex/ArchiveIntermediates/MisiCopy/IntermediateBuildFilesPath/SwiftExplicitPrecompiledModules -clang-scanner-module-cache-path /Users/matthieumisiraca/Library/Developer/Xcode/DerivedData/ModuleCache.noindex -sdk-module-cache-path /Users/matthieumisiraca/Library/Developer/Xcode/DerivedData/ModuleCache.noindex -serialize-diagnostics -emit-dependencies -emit-module -emit-module-path /Users/matthieumisiraca/Library/Developer/Xcode/DerivedData/MisiCopy-ejbrxwynvlcuzmaseszgazwfdqpc/Build/Intermediates.noindex/ArchiveIntermediates/MisiCopy/IntermediateBuildFilesPath/MisiCopy.build/Release/MisiCopy.build/Objects-normal/arm64/MisiCopy.swiftmodule -validate-clang-modules-once -clang-build-session-file /Users/matthieumisiraca/Library/Developer/Xcode/DerivedData/ModuleCache.noindex/Session.modulevalidation -Xcc -I/Users/matthieumisiraca/Library/Developer/Xcode/DerivedData/MisiCopy-ejbrxwynvlcuzmaseszgazwfdqpc/Build/Intermediates.noindex/ArchiveIntermediates/MisiCopy/IntermediateBuildFilesPath/MisiCopy.build/Release/MisiCopy.build/swift-overrides.hmap -emit-const-values -Xfrontend -const-gather-protocols-file -Xfrontend /Users/matthieumisiraca/Library/Developer/Xcode/DerivedData/MisiCopy-ejbrxwynvlcuzmaseszgazwfdqpc/Build/Intermediates.noindex/ArchiveIntermediates/MisiCopy/IntermediateBuildFilesPath/MisiCopy.build/Release/MisiCopy.build/Objects-normal/arm64/MisiCopy_const_extract_protocols.json -Xcc -iquote -Xcc /Users/matthieumisiraca/Library/Developer/Xcode/DerivedData/MisiCopy-ejbrxwynvlcuzmaseszgazwfdqpc/Build/Intermediates.noindex/ArchiveIntermediates/MisiCopy/IntermediateBuildFilesPath/MisiCopy.build/Release/MisiCopy.build/MisiCopy-generated-files.hmap -Xcc -I/Users/matthieumisiraca/Library/Developer/Xcode/DerivedData/MisiCopy-ejbrxwynvlcuzmaseszgazwfdqpc/Build/Intermediates.noindex/ArchiveIntermediates/MisiCopy/IntermediateBuildFilesPath/MisiCopy.build/Release/MisiCopy.build/MisiCopy-own-target-headers.hmap -Xcc -I/Users/matthieumisiraca/Library/Developer/Xcode/DerivedData/MisiCopy-ejbrxwynvlcuzmaseszgazwfdqpc/Build/Intermediates.noindex/ArchiveIntermediates/MisiCopy/IntermediateBuildFilesPath/MisiCopy.build/Release/MisiCopy.build/MisiCopy-all-target-headers.hmap -Xcc -iquote -Xcc /Users/matthieumisiraca/Library/Developer/Xcode/DerivedData/MisiCopy-ejbrxwynvlcuzmaseszgazwfdqpc/Build/Intermediates.noindex/ArchiveIntermediates/MisiCopy/IntermediateBuildFilesPath/MisiCopy.build/Release/MisiCopy.build/MisiCopy-project-headers.hmap -Xcc -I/Users/matthieumisiraca/Library/Developer/Xcode/DerivedData/MisiCopy-ejbrxwynvlcuzmaseszgazwfdqpc/Build/Intermediates.noindex/ArchiveIntermediates/MisiCopy/BuildProductsPath/Release/include -Xcc -I/Users/matthieumisiraca/Library/Developer/Xcode/DerivedData/MisiCopy-ejbrxwynvlcuzmaseszgazwfdqpc/Build/Intermediates.noindex/ArchiveIntermediates/MisiCopy/IntermediateBuildFilesPath/MisiCopy.build/Release/MisiCopy.build/DerivedSources-normal/arm64 -Xcc -I/Users/matthieumisiraca/Library/Developer/Xcode/DerivedData/MisiCopy-ejbrxwynvlcuzmaseszgazwfdqpc/Build/Intermediates.noindex/ArchiveIntermediates/MisiCopy/IntermediateBuildFilesPath/MisiCopy.build/Release/MisiCopy.build/DerivedSources/arm64 -Xcc -I/Users/matthieumisiraca/Library/Developer/Xcode/DerivedData/MisiCopy-ejbrxwynvlcuzmaseszgazwfdqpc/Build/Intermediates.noindex/ArchiveIntermediates/MisiCopy/IntermediateBuildFilesPath/MisiCopy.build/Release/MisiCopy.build/DerivedSources -emit-objc-header -emit-objc-header-path /Users/matthieumisiraca/Library/Developer/Xcode/DerivedData/MisiCopy-ejbrxwynvlcuzmaseszgazwfdqpc/Build/Intermediates.noindex/ArchiveIntermediates/MisiCopy/IntermediateBuildFilesPath/MisiCopy.build/Release/MisiCopy.build/Objects-normal/arm64/MisiCopy-Swift.h -working-directory /Users/matthieumisiraca/Desktop/MisiCopy -no-emit-module-separately-wmo

Copy /Users/matthieumisiraca/Library/Developer/Xcode/DerivedData/MisiCopy-ejbrxwynvlcuzmaseszgazwfdqpc/Build/Intermediates.noindex/ArchiveIntermediates/MisiCopy/BuildProductsPath/Release/MisiCopy.swiftmodule/arm64-apple-macos.swiftdoc /Users/matthieumisiraca/Library/Developer/Xcode/DerivedData/MisiCopy-ejbrxwynvlcuzmaseszgazwfdqpc/Build/Intermediates.noindex/ArchiveIntermediates/MisiCopy/IntermediateBuildFilesPath/MisiCopy.build/Release/MisiCopy.build/Objects-normal/arm64/MisiCopy.swiftdoc (in target 'MisiCopy' from project 'MisiCopy')
    cd /Users/matthieumisiraca/Desktop/MisiCopy
    builtin-copy -exclude .DS_Store -exclude CVS -exclude .svn -exclude .git -exclude .hg -resolve-src-symlinks -rename /Users/matthieumisiraca/Library/Developer/Xcode/DerivedData/MisiCopy-ejbrxwynvlcuzmaseszgazwfdqpc/Build/Intermediates.noindex/ArchiveIntermediates/MisiCopy/IntermediateBuildFilesPath/MisiCopy.build/Release/MisiCopy.build/Objects-normal/arm64/MisiCopy.swiftdoc /Users/matthieumisiraca/Library/Developer/Xcode/DerivedData/MisiCopy-ejbrxwynvlcuzmaseszgazwfdqpc/Build/Intermediates.noindex/ArchiveIntermediates/MisiCopy/BuildProductsPath/Release/MisiCopy.swiftmodule/arm64-apple-macos.swiftdoc

Copy /Users/matthieumisiraca/Library/Developer/Xcode/DerivedData/MisiCopy-ejbrxwynvlcuzmaseszgazwfdqpc/Build/Intermediates.noindex/ArchiveIntermediates/MisiCopy/BuildProductsPath/Release/MisiCopy.swiftmodule/arm64-apple-macos.swiftmodule /Users/matthieumisiraca/Library/Developer/Xcode/DerivedData/MisiCopy-ejbrxwynvlcuzmaseszgazwfdqpc/Build/Intermediates.noindex/ArchiveIntermediates/MisiCopy/IntermediateBuildFilesPath/MisiCopy.build/Release/MisiCopy.build/Objects-normal/arm64/MisiCopy.swiftmodule (in target 'MisiCopy' from project 'MisiCopy')
    cd /Users/matthieumisiraca/Desktop/MisiCopy
    builtin-copy -exclude .DS_Store -exclude CVS -exclude .svn -exclude .git -exclude .hg -resolve-src-symlinks -rename /Users/matthieumisiraca/Library/Developer/Xcode/DerivedData/MisiCopy-ejbrxwynvlcuzmaseszgazwfdqpc/Build/Intermediates.noindex/ArchiveIntermediates/MisiCopy/IntermediateBuildFilesPath/MisiCopy.build/Release/MisiCopy.build/Objects-normal/arm64/MisiCopy.swiftmodule /Users/matthieumisiraca/Library/Developer/Xcode/DerivedData/MisiCopy-ejbrxwynvlcuzmaseszgazwfdqpc/Build/Intermediates.noindex/ArchiveIntermediates/MisiCopy/BuildProductsPath/Release/MisiCopy.swiftmodule/arm64-apple-macos.swiftmodule

Copy /Users/matthieumisiraca/Library/Developer/Xcode/DerivedData/MisiCopy-ejbrxwynvlcuzmaseszgazwfdqpc/Build/Intermediates.noindex/ArchiveIntermediates/MisiCopy/BuildProductsPath/Release/MisiCopy.swiftmodule/arm64-apple-macos.abi.json /Users/matthieumisiraca/Library/Developer/Xcode/DerivedData/MisiCopy-ejbrxwynvlcuzmaseszgazwfdqpc/Build/Intermediates.noindex/ArchiveIntermediates/MisiCopy/IntermediateBuildFilesPath/MisiCopy.build/Release/MisiCopy.build/Objects-normal/arm64/MisiCopy.abi.json (in target 'MisiCopy' from project 'MisiCopy')
    cd /Users/matthieumisiraca/Desktop/MisiCopy
    builtin-copy -exclude .DS_Store -exclude CVS -exclude .svn -exclude .git -exclude .hg -resolve-src-symlinks -rename /Users/matthieumisiraca/Library/Developer/Xcode/DerivedData/MisiCopy-ejbrxwynvlcuzmaseszgazwfdqpc/Build/Intermediates.noindex/ArchiveIntermediates/MisiCopy/IntermediateBuildFilesPath/MisiCopy.build/Release/MisiCopy.build/Objects-normal/arm64/MisiCopy.abi.json /Users/matthieumisiraca/Library/Developer/Xcode/DerivedData/MisiCopy-ejbrxwynvlcuzmaseszgazwfdqpc/Build/Intermediates.noindex/ArchiveIntermediates/MisiCopy/BuildProductsPath/Release/MisiCopy.swiftmodule/arm64-apple-macos.abi.json

SwiftDriverJobDiscovery normal x86_64 Compiling AppIconView.swift, Localization.swift, Theme.swift, AppModel.swift, ASCMHLExporter.swift, CameraFormatDetector.swift, ChecksumCalculator.swift, CloudChannelPublisher.swift, CopyEngine.swift, CSVExporter.swift, DriveSpeedTester.swift, FilenameTemplate.swift, HistoryStore.swift, HTMLExporter.swift, JSONFileStore.swift, KeychainStore.swift, LicenseManager.swift, LiveActivityPushRelay.swift, LocalChannelServer.swift, MHLExporter.swift, MHLVerifier.swift, PDFReportGenerator.swift, PresetStore.swift, PSKTLSHelper.swift, QRCodeGenerator.swift, RemoteSyncService.swift, SessionStore.swift, StatusItemController.swift, ThumbnailExtractor.swift, WebhookNotifier.swift, XXH3.swift, AppLanguage.swift, ChecksumAlgorithm.swift, CopyJob.swift, CopyMode.swift, CopyStats.swift, Destination.swift, FileItem.swift, LicenseStatus.swift, LogEntry.swift, PairingPayload.swift, Preset.swift, SessionRecord.swift, SessionSnapshot.swift, DropZone.swift, OptionCard.swift, SectionHeader.swift, StatCard.swift, ActionButtonView.swift, ActivityLogView.swift, DestinationsView.swift, DITStructureView.swift, FooterView.swift, HeaderView.swift, HistoryView.swift, LicenseSettingsView.swift, ModeSelectionView.swift, QueueView.swift, RemoteSyncSettingsView.swift, SettingsView.swift, SourceSelectionView.swift, StatsView.swift, ContentView.swift, MisiCopyApp.swift, GeneratedAssetSymbols.swift (in target 'MisiCopy' from project 'MisiCopy')

SwiftDriver\ Compilation\ Requirements MisiCopy normal x86_64 com.apple.xcode.tools.swift.compiler (in target 'MisiCopy' from project 'MisiCopy')
    cd /Users/matthieumisiraca/Desktop/MisiCopy
    builtin-Swift-Compilation-Requirements -- /Applications/Xcode.app/Contents/Developer/Toolchains/XcodeDefault.xctoolchain/usr/bin/swiftc -module-name MisiCopy -O -whole-module-optimization @/Users/matthieumisiraca/Library/Developer/Xcode/DerivedData/MisiCopy-ejbrxwynvlcuzmaseszgazwfdqpc/Build/Intermediates.noindex/ArchiveIntermediates/MisiCopy/IntermediateBuildFilesPath/MisiCopy.build/Release/MisiCopy.build/Objects-normal/x86_64/MisiCopy.SwiftFileList -default-isolation\=MainActor -enable-bare-slash-regex -enable-upcoming-feature DisableOutwardActorInference -enable-upcoming-feature InferSendableFromCaptures -enable-upcoming-feature GlobalActorIsolatedTypesUsability -enable-upcoming-feature MemberImportVisibility -enable-upcoming-feature InferIsolatedConformances -enable-upcoming-feature NonisolatedNonsendingByDefault -enable-experimental-feature DebugDescriptionMacro -sdk /Applications/Xcode.app/Contents/Developer/Platforms/MacOSX.platform/Developer/SDKs/MacOSX26.5.sdk -target x86_64-apple-macos14.6 -g -module-cache-path /Users/matthieumisiraca/Library/Developer/Xcode/DerivedData/ModuleCache.noindex -Xfrontend -serialize-debugging-options -swift-version 5 -I /Users/matthieumisiraca/Library/Developer/Xcode/DerivedData/MisiCopy-ejbrxwynvlcuzmaseszgazwfdqpc/Build/Intermediates.noindex/ArchiveIntermediates/MisiCopy/BuildProductsPath/Release -F /Users/matthieumisiraca/Library/Developer/Xcode/DerivedData/MisiCopy-ejbrxwynvlcuzmaseszgazwfdqpc/Build/Intermediates.noindex/ArchiveIntermediates/MisiCopy/BuildProductsPath/Release -emit-localized-strings -emit-localized-strings-path /Users/matthieumisiraca/Library/Developer/Xcode/DerivedData/MisiCopy-ejbrxwynvlcuzmaseszgazwfdqpc/Build/Intermediates.noindex/ArchiveIntermediates/MisiCopy/IntermediateBuildFilesPath/MisiCopy.build/Release/MisiCopy.build/Objects-normal/x86_64 -c -num-threads 14 -Xcc -ivfsstatcache -Xcc /Users/matthieumisiraca/Library/Developer/Xcode/DerivedData/SDKStatCaches.noindex/macosx26.5-25F70-e082c4a02f00227109f4ed75e425c832.sdkstatcache -output-file-map /Users/matthieumisiraca/Library/Developer/Xcode/DerivedData/MisiCopy-ejbrxwynvlcuzmaseszgazwfdqpc/Build/Intermediates.noindex/ArchiveIntermediates/MisiCopy/IntermediateBuildFilesPath/MisiCopy.build/Release/MisiCopy.build/Objects-normal/x86_64/MisiCopy-OutputFileMap.json -use-frontend-parseable-output -save-temps -no-color-diagnostics -explicit-module-build -module-cache-path /Users/matthieumisiraca/Library/Developer/Xcode/DerivedData/MisiCopy-ejbrxwynvlcuzmaseszgazwfdqpc/Build/Intermediates.noindex/ArchiveIntermediates/MisiCopy/IntermediateBuildFilesPath/SwiftExplicitPrecompiledModules -clang-scanner-module-cache-path /Users/matthieumisiraca/Library/Developer/Xcode/DerivedData/ModuleCache.noindex -sdk-module-cache-path /Users/matthieumisiraca/Library/Developer/Xcode/DerivedData/ModuleCache.noindex -serialize-diagnostics -emit-dependencies -emit-module -emit-module-path /Users/matthieumisiraca/Library/Developer/Xcode/DerivedData/MisiCopy-ejbrxwynvlcuzmaseszgazwfdqpc/Build/Intermediates.noindex/ArchiveIntermediates/MisiCopy/IntermediateBuildFilesPath/MisiCopy.build/Release/MisiCopy.build/Objects-normal/x86_64/MisiCopy.swiftmodule -validate-clang-modules-once -clang-build-session-file /Users/matthieumisiraca/Library/Developer/Xcode/DerivedData/ModuleCache.noindex/Session.modulevalidation -Xcc -I/Users/matthieumisiraca/Library/Developer/Xcode/DerivedData/MisiCopy-ejbrxwynvlcuzmaseszgazwfdqpc/Build/Intermediates.noindex/ArchiveIntermediates/MisiCopy/IntermediateBuildFilesPath/MisiCopy.build/Release/MisiCopy.build/swift-overrides.hmap -emit-const-values -Xfrontend -const-gather-protocols-file -Xfrontend /Users/matthieumisiraca/Library/Developer/Xcode/DerivedData/MisiCopy-ejbrxwynvlcuzmaseszgazwfdqpc/Build/Intermediates.noindex/ArchiveIntermediates/MisiCopy/IntermediateBuildFilesPath/MisiCopy.build/Release/MisiCopy.build/Objects-normal/x86_64/MisiCopy_const_extract_protocols.json -Xcc -iquote -Xcc /Users/matthieumisiraca/Library/Developer/Xcode/DerivedData/MisiCopy-ejbrxwynvlcuzmaseszgazwfdqpc/Build/Intermediates.noindex/ArchiveIntermediates/MisiCopy/IntermediateBuildFilesPath/MisiCopy.build/Release/MisiCopy.build/MisiCopy-generated-files.hmap -Xcc -I/Users/matthieumisiraca/Library/Developer/Xcode/DerivedData/MisiCopy-ejbrxwynvlcuzmaseszgazwfdqpc/Build/Intermediates.noindex/ArchiveIntermediates/MisiCopy/IntermediateBuildFilesPath/MisiCopy.build/Release/MisiCopy.build/MisiCopy-own-target-headers.hmap -Xcc -I/Users/matthieumisiraca/Library/Developer/Xcode/DerivedData/MisiCopy-ejbrxwynvlcuzmaseszgazwfdqpc/Build/Intermediates.noindex/ArchiveIntermediates/MisiCopy/IntermediateBuildFilesPath/MisiCopy.build/Release/MisiCopy.build/MisiCopy-all-target-headers.hmap -Xcc -iquote -Xcc /Users/matthieumisiraca/Library/Developer/Xcode/DerivedData/MisiCopy-ejbrxwynvlcuzmaseszgazwfdqpc/Build/Intermediates.noindex/ArchiveIntermediates/MisiCopy/IntermediateBuildFilesPath/MisiCopy.build/Release/MisiCopy.build/MisiCopy-project-headers.hmap -Xcc -I/Users/matthieumisiraca/Library/Developer/Xcode/DerivedData/MisiCopy-ejbrxwynvlcuzmaseszgazwfdqpc/Build/Intermediates.noindex/ArchiveIntermediates/MisiCopy/BuildProductsPath/Release/include -Xcc -I/Users/matthieumisiraca/Library/Developer/Xcode/DerivedData/MisiCopy-ejbrxwynvlcuzmaseszgazwfdqpc/Build/Intermediates.noindex/ArchiveIntermediates/MisiCopy/IntermediateBuildFilesPath/MisiCopy.build/Release/MisiCopy.build/DerivedSources-normal/x86_64 -Xcc -I/Users/matthieumisiraca/Library/Developer/Xcode/DerivedData/MisiCopy-ejbrxwynvlcuzmaseszgazwfdqpc/Build/Intermediates.noindex/ArchiveIntermediates/MisiCopy/IntermediateBuildFilesPath/MisiCopy.build/Release/MisiCopy.build/DerivedSources/x86_64 -Xcc -I/Users/matthieumisiraca/Library/Developer/Xcode/DerivedData/MisiCopy-ejbrxwynvlcuzmaseszgazwfdqpc/Build/Intermediates.noindex/ArchiveIntermediates/MisiCopy/IntermediateBuildFilesPath/MisiCopy.build/Release/MisiCopy.build/DerivedSources -emit-objc-header -emit-objc-header-path /Users/matthieumisiraca/Library/Developer/Xcode/DerivedData/MisiCopy-ejbrxwynvlcuzmaseszgazwfdqpc/Build/Intermediates.noindex/ArchiveIntermediates/MisiCopy/IntermediateBuildFilesPath/MisiCopy.build/Release/MisiCopy.build/Objects-normal/x86_64/MisiCopy-Swift.h -working-directory /Users/matthieumisiraca/Desktop/MisiCopy -no-emit-module-separately-wmo

SwiftMergeGeneratedHeaders /Users/matthieumisiraca/Library/Developer/Xcode/DerivedData/MisiCopy-ejbrxwynvlcuzmaseszgazwfdqpc/Build/Intermediates.noindex/ArchiveIntermediates/MisiCopy/IntermediateBuildFilesPath/MisiCopy.build/Release/MisiCopy.build/DerivedSources/MisiCopy-Swift.h /Users/matthieumisiraca/Library/Developer/Xcode/DerivedData/MisiCopy-ejbrxwynvlcuzmaseszgazwfdqpc/Build/Intermediates.noindex/ArchiveIntermediates/MisiCopy/IntermediateBuildFilesPath/MisiCopy.build/Release/MisiCopy.build/Objects-normal/arm64/MisiCopy-Swift.h /Users/matthieumisiraca/Library/Developer/Xcode/DerivedData/MisiCopy-ejbrxwynvlcuzmaseszgazwfdqpc/Build/Intermediates.noindex/ArchiveIntermediates/MisiCopy/IntermediateBuildFilesPath/MisiCopy.build/Release/MisiCopy.build/Objects-normal/x86_64/MisiCopy-Swift.h (in target 'MisiCopy' from project 'MisiCopy')
    cd /Users/matthieumisiraca/Desktop/MisiCopy
    builtin-swiftHeaderTool -arch arm64 /Users/matthieumisiraca/Library/Developer/Xcode/DerivedData/MisiCopy-ejbrxwynvlcuzmaseszgazwfdqpc/Build/Intermediates.noindex/ArchiveIntermediates/MisiCopy/IntermediateBuildFilesPath/MisiCopy.build/Release/MisiCopy.build/Objects-normal/arm64/MisiCopy-Swift.h -arch x86_64 /Users/matthieumisiraca/Library/Developer/Xcode/DerivedData/MisiCopy-ejbrxwynvlcuzmaseszgazwfdqpc/Build/Intermediates.noindex/ArchiveIntermediates/MisiCopy/IntermediateBuildFilesPath/MisiCopy.build/Release/MisiCopy.build/Objects-normal/x86_64/MisiCopy-Swift.h -o /Users/matthieumisiraca/Library/Developer/Xcode/DerivedData/MisiCopy-ejbrxwynvlcuzmaseszgazwfdqpc/Build/Intermediates.noindex/ArchiveIntermediates/MisiCopy/IntermediateBuildFilesPath/MisiCopy.build/Release/MisiCopy.build/DerivedSources/MisiCopy-Swift.h

Copy /Users/matthieumisiraca/Library/Developer/Xcode/DerivedData/MisiCopy-ejbrxwynvlcuzmaseszgazwfdqpc/Build/Intermediates.noindex/ArchiveIntermediates/MisiCopy/BuildProductsPath/Release/MisiCopy.swiftmodule/x86_64-apple-macos.swiftdoc /Users/matthieumisiraca/Library/Developer/Xcode/DerivedData/MisiCopy-ejbrxwynvlcuzmaseszgazwfdqpc/Build/Intermediates.noindex/ArchiveIntermediates/MisiCopy/IntermediateBuildFilesPath/MisiCopy.build/Release/MisiCopy.build/Objects-normal/x86_64/MisiCopy.swiftdoc (in target 'MisiCopy' from project 'MisiCopy')
    cd /Users/matthieumisiraca/Desktop/MisiCopy
    builtin-copy -exclude .DS_Store -exclude CVS -exclude .svn -exclude .git -exclude .hg -resolve-src-symlinks -rename /Users/matthieumisiraca/Library/Developer/Xcode/DerivedData/MisiCopy-ejbrxwynvlcuzmaseszgazwfdqpc/Build/Intermediates.noindex/ArchiveIntermediates/MisiCopy/IntermediateBuildFilesPath/MisiCopy.build/Release/MisiCopy.build/Objects-normal/x86_64/MisiCopy.swiftdoc /Users/matthieumisiraca/Library/Developer/Xcode/DerivedData/MisiCopy-ejbrxwynvlcuzmaseszgazwfdqpc/Build/Intermediates.noindex/ArchiveIntermediates/MisiCopy/BuildProductsPath/Release/MisiCopy.swiftmodule/x86_64-apple-macos.swiftdoc

Copy /Users/matthieumisiraca/Library/Developer/Xcode/DerivedData/MisiCopy-ejbrxwynvlcuzmaseszgazwfdqpc/Build/Intermediates.noindex/ArchiveIntermediates/MisiCopy/BuildProductsPath/Release/MisiCopy.swiftmodule/x86_64-apple-macos.swiftmodule /Users/matthieumisiraca/Library/Developer/Xcode/DerivedData/MisiCopy-ejbrxwynvlcuzmaseszgazwfdqpc/Build/Intermediates.noindex/ArchiveIntermediates/MisiCopy/IntermediateBuildFilesPath/MisiCopy.build/Release/MisiCopy.build/Objects-normal/x86_64/MisiCopy.swiftmodule (in target 'MisiCopy' from project 'MisiCopy')
    cd /Users/matthieumisiraca/Desktop/MisiCopy
    builtin-copy -exclude .DS_Store -exclude CVS -exclude .svn -exclude .git -exclude .hg -resolve-src-symlinks -rename /Users/matthieumisiraca/Library/Developer/Xcode/DerivedData/MisiCopy-ejbrxwynvlcuzmaseszgazwfdqpc/Build/Intermediates.noindex/ArchiveIntermediates/MisiCopy/IntermediateBuildFilesPath/MisiCopy.build/Release/MisiCopy.build/Objects-normal/x86_64/MisiCopy.swiftmodule /Users/matthieumisiraca/Library/Developer/Xcode/DerivedData/MisiCopy-ejbrxwynvlcuzmaseszgazwfdqpc/Build/Intermediates.noindex/ArchiveIntermediates/MisiCopy/BuildProductsPath/Release/MisiCopy.swiftmodule/x86_64-apple-macos.swiftmodule

Copy /Users/matthieumisiraca/Library/Developer/Xcode/DerivedData/MisiCopy-ejbrxwynvlcuzmaseszgazwfdqpc/Build/Intermediates.noindex/ArchiveIntermediates/MisiCopy/BuildProductsPath/Release/MisiCopy.swiftmodule/x86_64-apple-macos.abi.json /Users/matthieumisiraca/Library/Developer/Xcode/DerivedData/MisiCopy-ejbrxwynvlcuzmaseszgazwfdqpc/Build/Intermediates.noindex/ArchiveIntermediates/MisiCopy/IntermediateBuildFilesPath/MisiCopy.build/Release/MisiCopy.build/Objects-normal/x86_64/MisiCopy.abi.json (in target 'MisiCopy' from project 'MisiCopy')
    cd /Users/matthieumisiraca/Desktop/MisiCopy
    builtin-copy -exclude .DS_Store -exclude CVS -exclude .svn -exclude .git -exclude .hg -resolve-src-symlinks -rename /Users/matthieumisiraca/Library/Developer/Xcode/DerivedData/MisiCopy-ejbrxwynvlcuzmaseszgazwfdqpc/Build/Intermediates.noindex/ArchiveIntermediates/MisiCopy/IntermediateBuildFilesPath/MisiCopy.build/Release/MisiCopy.build/Objects-normal/x86_64/MisiCopy.abi.json /Users/matthieumisiraca/Library/Developer/Xcode/DerivedData/MisiCopy-ejbrxwynvlcuzmaseszgazwfdqpc/Build/Intermediates.noindex/ArchiveIntermediates/MisiCopy/BuildProductsPath/Release/MisiCopy.swiftmodule/x86_64-apple-macos.abi.json

Ld /Users/matthieumisiraca/Library/Developer/Xcode/DerivedData/MisiCopy-ejbrxwynvlcuzmaseszgazwfdqpc/Build/Intermediates.noindex/ArchiveIntermediates/MisiCopy/IntermediateBuildFilesPath/MisiCopy.build/Release/MisiCopy.build/Objects-normal/arm64/Binary/MisiCopy normal arm64 (in target 'MisiCopy' from project 'MisiCopy')
    cd /Users/matthieumisiraca/Desktop/MisiCopy
    /Applications/Xcode.app/Contents/Developer/Toolchains/XcodeDefault.xctoolchain/usr/bin/clang -Xlinker -reproducible -target arm64-apple-macos14.6 -isysroot /Applications/Xcode.app/Contents/Developer/Platforms/MacOSX.platform/Developer/SDKs/MacOSX26.5.sdk -Os -L/Users/matthieumisiraca/Library/Developer/Xcode/DerivedData/MisiCopy-ejbrxwynvlcuzmaseszgazwfdqpc/Build/Intermediates.noindex/ArchiveIntermediates/MisiCopy/IntermediateBuildFilesPath/EagerLinkingTBDs/Release -L/Users/matthieumisiraca/Library/Developer/Xcode/DerivedData/MisiCopy-ejbrxwynvlcuzmaseszgazwfdqpc/Build/Intermediates.noindex/ArchiveIntermediates/MisiCopy/BuildProductsPath/Release -F/Users/matthieumisiraca/Library/Developer/Xcode/DerivedData/MisiCopy-ejbrxwynvlcuzmaseszgazwfdqpc/Build/Intermediates.noindex/ArchiveIntermediates/MisiCopy/IntermediateBuildFilesPath/EagerLinkingTBDs/Release -F/Users/matthieumisiraca/Library/Developer/Xcode/DerivedData/MisiCopy-ejbrxwynvlcuzmaseszgazwfdqpc/Build/Intermediates.noindex/ArchiveIntermediates/MisiCopy/BuildProductsPath/Release -filelist /Users/matthieumisiraca/Library/Developer/Xcode/DerivedData/MisiCopy-ejbrxwynvlcuzmaseszgazwfdqpc/Build/Intermediates.noindex/ArchiveIntermediates/MisiCopy/IntermediateBuildFilesPath/MisiCopy.build/Release/MisiCopy.build/Objects-normal/arm64/MisiCopy.LinkFileList -Xlinker -rpath -Xlinker /usr/lib/swift -Xlinker -rpath -Xlinker @executable_path/../Frameworks -Xlinker -object_path_lto -Xlinker /Users/matthieumisiraca/Library/Developer/Xcode/DerivedData/MisiCopy-ejbrxwynvlcuzmaseszgazwfdqpc/Build/Intermediates.noindex/ArchiveIntermediates/MisiCopy/IntermediateBuildFilesPath/MisiCopy.build/Release/MisiCopy.build/Objects-normal/arm64/MisiCopy_lto.o -Xlinker -final_output -Xlinker /Applications/MisiCopy.app/Contents/MacOS/MisiCopy -Xlinker -dependency_info -Xlinker /Users/matthieumisiraca/Library/Developer/Xcode/DerivedData/MisiCopy-ejbrxwynvlcuzmaseszgazwfdqpc/Build/Intermediates.noindex/ArchiveIntermediates/MisiCopy/IntermediateBuildFilesPath/MisiCopy.build/Release/MisiCopy.build/Objects-normal/arm64/MisiCopy_dependency_info.dat -fobjc-link-runtime -L/Applications/Xcode.app/Contents/Developer/Toolchains/XcodeDefault.xctoolchain/usr/lib/swift/macosx -L/usr/lib/swift -Xlinker -add_ast_path -Xlinker /Users/matthieumisiraca/Library/Developer/Xcode/DerivedData/MisiCopy-ejbrxwynvlcuzmaseszgazwfdqpc/Build/Intermediates.noindex/ArchiveIntermediates/MisiCopy/IntermediateBuildFilesPath/MisiCopy.build/Release/MisiCopy.build/Objects-normal/arm64/MisiCopy.swiftmodule @/Users/matthieumisiraca/Library/Developer/Xcode/DerivedData/MisiCopy-ejbrxwynvlcuzmaseszgazwfdqpc/Build/Intermediates.noindex/ArchiveIntermediates/MisiCopy/IntermediateBuildFilesPath/MisiCopy.build/Release/MisiCopy.build/Objects-normal/arm64/MisiCopy-linker-args.resp -framework Sparkle -Xlinker -no_adhoc_codesign -o /Users/matthieumisiraca/Library/Developer/Xcode/DerivedData/MisiCopy-ejbrxwynvlcuzmaseszgazwfdqpc/Build/Intermediates.noindex/ArchiveIntermediates/MisiCopy/IntermediateBuildFilesPath/MisiCopy.build/Release/MisiCopy.build/Objects-normal/arm64/Binary/MisiCopy

Ld /Users/matthieumisiraca/Library/Developer/Xcode/DerivedData/MisiCopy-ejbrxwynvlcuzmaseszgazwfdqpc/Build/Intermediates.noindex/ArchiveIntermediates/MisiCopy/IntermediateBuildFilesPath/MisiCopy.build/Release/MisiCopy.build/Objects-normal/x86_64/Binary/MisiCopy normal x86_64 (in target 'MisiCopy' from project 'MisiCopy')
    cd /Users/matthieumisiraca/Desktop/MisiCopy
    /Applications/Xcode.app/Contents/Developer/Toolchains/XcodeDefault.xctoolchain/usr/bin/clang -Xlinker -reproducible -target x86_64-apple-macos14.6 -isysroot /Applications/Xcode.app/Contents/Developer/Platforms/MacOSX.platform/Developer/SDKs/MacOSX26.5.sdk -Os -L/Users/matthieumisiraca/Library/Developer/Xcode/DerivedData/MisiCopy-ejbrxwynvlcuzmaseszgazwfdqpc/Build/Intermediates.noindex/ArchiveIntermediates/MisiCopy/IntermediateBuildFilesPath/EagerLinkingTBDs/Release -L/Users/matthieumisiraca/Library/Developer/Xcode/DerivedData/MisiCopy-ejbrxwynvlcuzmaseszgazwfdqpc/Build/Intermediates.noindex/ArchiveIntermediates/MisiCopy/BuildProductsPath/Release -F/Users/matthieumisiraca/Library/Developer/Xcode/DerivedData/MisiCopy-ejbrxwynvlcuzmaseszgazwfdqpc/Build/Intermediates.noindex/ArchiveIntermediates/MisiCopy/IntermediateBuildFilesPath/EagerLinkingTBDs/Release -F/Users/matthieumisiraca/Library/Developer/Xcode/DerivedData/MisiCopy-ejbrxwynvlcuzmaseszgazwfdqpc/Build/Intermediates.noindex/ArchiveIntermediates/MisiCopy/BuildProductsPath/Release -filelist /Users/matthieumisiraca/Library/Developer/Xcode/DerivedData/MisiCopy-ejbrxwynvlcuzmaseszgazwfdqpc/Build/Intermediates.noindex/ArchiveIntermediates/MisiCopy/IntermediateBuildFilesPath/MisiCopy.build/Release/MisiCopy.build/Objects-normal/x86_64/MisiCopy.LinkFileList -Xlinker -rpath -Xlinker /usr/lib/swift -Xlinker -rpath -Xlinker @executable_path/../Frameworks -Xlinker -object_path_lto -Xlinker /Users/matthieumisiraca/Library/Developer/Xcode/DerivedData/MisiCopy-ejbrxwynvlcuzmaseszgazwfdqpc/Build/Intermediates.noindex/ArchiveIntermediates/MisiCopy/IntermediateBuildFilesPath/MisiCopy.build/Release/MisiCopy.build/Objects-normal/x86_64/MisiCopy_lto.o -Xlinker -final_output -Xlinker /Applications/MisiCopy.app/Contents/MacOS/MisiCopy -Xlinker -dependency_info -Xlinker /Users/matthieumisiraca/Library/Developer/Xcode/DerivedData/MisiCopy-ejbrxwynvlcuzmaseszgazwfdqpc/Build/Intermediates.noindex/ArchiveIntermediates/MisiCopy/IntermediateBuildFilesPath/MisiCopy.build/Release/MisiCopy.build/Objects-normal/x86_64/MisiCopy_dependency_info.dat -fobjc-link-runtime -L/Applications/Xcode.app/Contents/Developer/Toolchains/XcodeDefault.xctoolchain/usr/lib/swift/macosx -L/usr/lib/swift -Xlinker -add_ast_path -Xlinker /Users/matthieumisiraca/Library/Developer/Xcode/DerivedData/MisiCopy-ejbrxwynvlcuzmaseszgazwfdqpc/Build/Intermediates.noindex/ArchiveIntermediates/MisiCopy/IntermediateBuildFilesPath/MisiCopy.build/Release/MisiCopy.build/Objects-normal/x86_64/MisiCopy.swiftmodule @/Users/matthieumisiraca/Library/Developer/Xcode/DerivedData/MisiCopy-ejbrxwynvlcuzmaseszgazwfdqpc/Build/Intermediates.noindex/ArchiveIntermediates/MisiCopy/IntermediateBuildFilesPath/MisiCopy.build/Release/MisiCopy.build/Objects-normal/x86_64/MisiCopy-linker-args.resp -framework Sparkle -Xlinker -no_adhoc_codesign -o /Users/matthieumisiraca/Library/Developer/Xcode/DerivedData/MisiCopy-ejbrxwynvlcuzmaseszgazwfdqpc/Build/Intermediates.noindex/ArchiveIntermediates/MisiCopy/IntermediateBuildFilesPath/MisiCopy.build/Release/MisiCopy.build/Objects-normal/x86_64/Binary/MisiCopy

CreateUniversalBinary /Users/matthieumisiraca/Library/Developer/Xcode/DerivedData/MisiCopy-ejbrxwynvlcuzmaseszgazwfdqpc/Build/Intermediates.noindex/ArchiveIntermediates/MisiCopy/InstallationBuildProductsLocation/Applications/MisiCopy.app/Contents/MacOS/MisiCopy normal arm64\ x86_64 (in target 'MisiCopy' from project 'MisiCopy')
    cd /Users/matthieumisiraca/Desktop/MisiCopy
    /Applications/Xcode.app/Contents/Developer/Toolchains/XcodeDefault.xctoolchain/usr/bin/lipo -create /Users/matthieumisiraca/Library/Developer/Xcode/DerivedData/MisiCopy-ejbrxwynvlcuzmaseszgazwfdqpc/Build/Intermediates.noindex/ArchiveIntermediates/MisiCopy/IntermediateBuildFilesPath/MisiCopy.build/Release/MisiCopy.build/Objects-normal/arm64/Binary/MisiCopy /Users/matthieumisiraca/Library/Developer/Xcode/DerivedData/MisiCopy-ejbrxwynvlcuzmaseszgazwfdqpc/Build/Intermediates.noindex/ArchiveIntermediates/MisiCopy/IntermediateBuildFilesPath/MisiCopy.build/Release/MisiCopy.build/Objects-normal/x86_64/Binary/MisiCopy -output /Users/matthieumisiraca/Library/Developer/Xcode/DerivedData/MisiCopy-ejbrxwynvlcuzmaseszgazwfdqpc/Build/Intermediates.noindex/ArchiveIntermediates/MisiCopy/InstallationBuildProductsLocation/Applications/MisiCopy.app/Contents/MacOS/MisiCopy

CopySwiftLibs /Users/matthieumisiraca/Library/Developer/Xcode/DerivedData/MisiCopy-ejbrxwynvlcuzmaseszgazwfdqpc/Build/Intermediates.noindex/ArchiveIntermediates/MisiCopy/InstallationBuildProductsLocation/Applications/MisiCopy.app (in target 'MisiCopy' from project 'MisiCopy')
    cd /Users/matthieumisiraca/Desktop/MisiCopy
    builtin-swiftStdLibTool --copy --verbose --sign C25E7B31B6A5DDD9093266BEA0B1EBB7142DFABD --Xcodesign --timestamp --Xcodesign --options\=runtime --scan-executable /Users/matthieumisiraca/Library/Developer/Xcode/DerivedData/MisiCopy-ejbrxwynvlcuzmaseszgazwfdqpc/Build/Intermediates.noindex/ArchiveIntermediates/MisiCopy/InstallationBuildProductsLocation/Applications/MisiCopy.app/Contents/MacOS/MisiCopy --scan-folder /Users/matthieumisiraca/Library/Developer/Xcode/DerivedData/MisiCopy-ejbrxwynvlcuzmaseszgazwfdqpc/Build/Intermediates.noindex/ArchiveIntermediates/MisiCopy/InstallationBuildProductsLocation/Applications/MisiCopy.app/Contents/Frameworks --scan-folder /Users/matthieumisiraca/Library/Developer/Xcode/DerivedData/MisiCopy-ejbrxwynvlcuzmaseszgazwfdqpc/Build/Intermediates.noindex/ArchiveIntermediates/MisiCopy/InstallationBuildProductsLocation/Applications/MisiCopy.app/Contents/PlugIns --scan-folder /Users/matthieumisiraca/Library/Developer/Xcode/DerivedData/MisiCopy-ejbrxwynvlcuzmaseszgazwfdqpc/Build/Intermediates.noindex/ArchiveIntermediates/MisiCopy/InstallationBuildProductsLocation/Applications/MisiCopy.app/Contents/Library/SystemExtensions --scan-folder /Users/matthieumisiraca/Library/Developer/Xcode/DerivedData/MisiCopy-ejbrxwynvlcuzmaseszgazwfdqpc/Build/Intermediates.noindex/ArchiveIntermediates/MisiCopy/InstallationBuildProductsLocation/Applications/MisiCopy.app/Contents/Extensions --platform macosx --toolchain /Applications/Xcode.app/Contents/Developer/Toolchains/XcodeDefault.xctoolchain --destination /Users/matthieumisiraca/Library/Developer/Xcode/DerivedData/MisiCopy-ejbrxwynvlcuzmaseszgazwfdqpc/Build/Intermediates.noindex/ArchiveIntermediates/MisiCopy/InstallationBuildProductsLocation/Applications/MisiCopy.app/Contents/Frameworks --unsigned-destination /Users/matthieumisiraca/Library/Developer/Xcode/DerivedData/MisiCopy-ejbrxwynvlcuzmaseszgazwfdqpc/Build/Intermediates.noindex/ArchiveIntermediates/MisiCopy/BuildProductsPath/SwiftSupport --strip-bitcode --strip-bitcode-tool /Applications/Xcode.app/Contents/Developer/Toolchains/XcodeDefault.xctoolchain/usr/bin/bitcode_strip --emit-dependency-info /Users/matthieumisiraca/Library/Developer/Xcode/DerivedData/MisiCopy-ejbrxwynvlcuzmaseszgazwfdqpc/Build/Intermediates.noindex/ArchiveIntermediates/MisiCopy/IntermediateBuildFilesPath/MisiCopy.build/Release/MisiCopy.build/SwiftStdLibToolInputDependencies.dep --filter-for-swift-os --back-deploy-swift-span

ExtractAppIntentsMetadata (in target 'MisiCopy' from project 'MisiCopy')
    cd /Users/matthieumisiraca/Desktop/MisiCopy
    /Applications/Xcode.app/Contents/Developer/Toolchains/XcodeDefault.xctoolchain/usr/bin/appintentsmetadataprocessor --toolchain-dir /Applications/Xcode.app/Contents/Developer/Toolchains/XcodeDefault.xctoolchain --module-name MisiCopy --sdk-root /Applications/Xcode.app/Contents/Developer/Platforms/MacOSX.platform/Developer/SDKs/MacOSX26.5.sdk --xcode-version 17F113 --platform-family macOS --deployment-target 14.6 --bundle-identifier fr.misilab.MisiCopy --output /Users/matthieumisiraca/Library/Developer/Xcode/DerivedData/MisiCopy-ejbrxwynvlcuzmaseszgazwfdqpc/Build/Intermediates.noindex/ArchiveIntermediates/MisiCopy/InstallationBuildProductsLocation/Applications/MisiCopy.app/Contents/Resources --target-triple arm64-apple-macos14.6 --target-triple x86_64-apple-macos14.6 --binary-file /Users/matthieumisiraca/Library/Developer/Xcode/DerivedData/MisiCopy-ejbrxwynvlcuzmaseszgazwfdqpc/Build/Intermediates.noindex/ArchiveIntermediates/MisiCopy/InstallationBuildProductsLocation/Applications/MisiCopy.app/Contents/MacOS/MisiCopy --dependency-file /Users/matthieumisiraca/Library/Developer/Xcode/DerivedData/MisiCopy-ejbrxwynvlcuzmaseszgazwfdqpc/Build/Intermediates.noindex/ArchiveIntermediates/MisiCopy/IntermediateBuildFilesPath/MisiCopy.build/Release/MisiCopy.build/Objects-normal/arm64/MisiCopy_dependency_info.dat --dependency-file /Users/matthieumisiraca/Library/Developer/Xcode/DerivedData/MisiCopy-ejbrxwynvlcuzmaseszgazwfdqpc/Build/Intermediates.noindex/ArchiveIntermediates/MisiCopy/IntermediateBuildFilesPath/MisiCopy.build/Release/MisiCopy.build/Objects-normal/x86_64/MisiCopy_dependency_info.dat --stringsdata-file /Users/matthieumisiraca/Library/Developer/Xcode/DerivedData/MisiCopy-ejbrxwynvlcuzmaseszgazwfdqpc/Build/Intermediates.noindex/ArchiveIntermediates/MisiCopy/IntermediateBuildFilesPath/MisiCopy.build/Release/MisiCopy.build/Objects-normal/arm64/ExtractedAppShortcutsMetadata.stringsdata --stringsdata-file /Users/matthieumisiraca/Library/Developer/Xcode/DerivedData/MisiCopy-ejbrxwynvlcuzmaseszgazwfdqpc/Build/Intermediates.noindex/ArchiveIntermediates/MisiCopy/IntermediateBuildFilesPath/MisiCopy.build/Release/MisiCopy.build/Objects-normal/x86_64/ExtractedAppShortcutsMetadata.stringsdata --source-file-list /Users/matthieumisiraca/Library/Developer/Xcode/DerivedData/MisiCopy-ejbrxwynvlcuzmaseszgazwfdqpc/Build/Intermediates.noindex/ArchiveIntermediates/MisiCopy/IntermediateBuildFilesPath/MisiCopy.build/Release/MisiCopy.build/Objects-normal/arm64/MisiCopy.SwiftFileList --source-file-list /Users/matthieumisiraca/Library/Developer/Xcode/DerivedData/MisiCopy-ejbrxwynvlcuzmaseszgazwfdqpc/Build/Intermediates.noindex/ArchiveIntermediates/MisiCopy/IntermediateBuildFilesPath/MisiCopy.build/Release/MisiCopy.build/Objects-normal/x86_64/MisiCopy.SwiftFileList --metadata-file-list /Users/matthieumisiraca/Library/Developer/Xcode/DerivedData/MisiCopy-ejbrxwynvlcuzmaseszgazwfdqpc/Build/Intermediates.noindex/ArchiveIntermediates/MisiCopy/IntermediateBuildFilesPath/MisiCopy.build/Release/MisiCopy.build/MisiCopy.DependencyMetadataFileList --static-metadata-file-list /Users/matthieumisiraca/Library/Developer/Xcode/DerivedData/MisiCopy-ejbrxwynvlcuzmaseszgazwfdqpc/Build/Intermediates.noindex/ArchiveIntermediates/MisiCopy/IntermediateBuildFilesPath/MisiCopy.build/Release/MisiCopy.build/MisiCopy.DependencyStaticMetadataFileList --swift-const-vals-list /Users/matthieumisiraca/Library/Developer/Xcode/DerivedData/MisiCopy-ejbrxwynvlcuzmaseszgazwfdqpc/Build/Intermediates.noindex/ArchiveIntermediates/MisiCopy/IntermediateBuildFilesPath/MisiCopy.build/Release/MisiCopy.build/Objects-normal/arm64/MisiCopy.SwiftConstValuesFileList --swift-const-vals-list /Users/matthieumisiraca/Library/Developer/Xcode/DerivedData/MisiCopy-ejbrxwynvlcuzmaseszgazwfdqpc/Build/Intermediates.noindex/ArchiveIntermediates/MisiCopy/IntermediateBuildFilesPath/MisiCopy.build/Release/MisiCopy.build/Objects-normal/x86_64/MisiCopy.SwiftConstValuesFileList --compile-time-extraction --deployment-aware-processing --validate-assistant-intents --no-app-shortcuts-localization
2026-07-19 22:12:27.104 appintentsmetadataprocessor[5935:223507] Starting appintentsmetadataprocessor export
2026-07-19 22:12:27.106 appintentsmetadataprocessor[5935:223507] warning: Metadata extraction skipped. No AppIntents.framework dependency found.

GenerateDSYMFile /Users/matthieumisiraca/Library/Developer/Xcode/DerivedData/MisiCopy-ejbrxwynvlcuzmaseszgazwfdqpc/Build/Intermediates.noindex/ArchiveIntermediates/MisiCopy/BuildProductsPath/Release/MisiCopy.app.dSYM /Users/matthieumisiraca/Library/Developer/Xcode/DerivedData/MisiCopy-ejbrxwynvlcuzmaseszgazwfdqpc/Build/Intermediates.noindex/ArchiveIntermediates/MisiCopy/InstallationBuildProductsLocation/Applications/MisiCopy.app/Contents/MacOS/MisiCopy (in target 'MisiCopy' from project 'MisiCopy')
    cd /Users/matthieumisiraca/Desktop/MisiCopy
    /Applications/Xcode.app/Contents/Developer/Toolchains/XcodeDefault.xctoolchain/usr/bin/dsymutil /Users/matthieumisiraca/Library/Developer/Xcode/DerivedData/MisiCopy-ejbrxwynvlcuzmaseszgazwfdqpc/Build/Intermediates.noindex/ArchiveIntermediates/MisiCopy/InstallationBuildProductsLocation/Applications/MisiCopy.app/Contents/MacOS/MisiCopy -o /Users/matthieumisiraca/Library/Developer/Xcode/DerivedData/MisiCopy-ejbrxwynvlcuzmaseszgazwfdqpc/Build/Intermediates.noindex/ArchiveIntermediates/MisiCopy/BuildProductsPath/Release/MisiCopy.app.dSYM

Strip /Users/matthieumisiraca/Library/Developer/Xcode/DerivedData/MisiCopy-ejbrxwynvlcuzmaseszgazwfdqpc/Build/Intermediates.noindex/ArchiveIntermediates/MisiCopy/InstallationBuildProductsLocation/Applications/MisiCopy.app/Contents/MacOS/MisiCopy (in target 'MisiCopy' from project 'MisiCopy')
    cd /Users/matthieumisiraca/Desktop/MisiCopy
    /Applications/Xcode.app/Contents/Developer/Toolchains/XcodeDefault.xctoolchain/usr/bin/strip -D /Users/matthieumisiraca/Library/Developer/Xcode/DerivedData/MisiCopy-ejbrxwynvlcuzmaseszgazwfdqpc/Build/Intermediates.noindex/ArchiveIntermediates/MisiCopy/InstallationBuildProductsLocation/Applications/MisiCopy.app/Contents/MacOS/MisiCopy

SetOwnerAndGroup matthieumisiraca:staff /Users/matthieumisiraca/Library/Developer/Xcode/DerivedData/MisiCopy-ejbrxwynvlcuzmaseszgazwfdqpc/Build/Intermediates.noindex/ArchiveIntermediates/MisiCopy/InstallationBuildProductsLocation/Applications/MisiCopy.app (in target 'MisiCopy' from project 'MisiCopy')
    cd /Users/matthieumisiraca/Desktop/MisiCopy
    /usr/sbin/chown -RH matthieumisiraca:staff /Users/matthieumisiraca/Library/Developer/Xcode/DerivedData/MisiCopy-ejbrxwynvlcuzmaseszgazwfdqpc/Build/Intermediates.noindex/ArchiveIntermediates/MisiCopy/InstallationBuildProductsLocation/Applications/MisiCopy.app

SetMode u+w,go-w,a+rX /Users/matthieumisiraca/Library/Developer/Xcode/DerivedData/MisiCopy-ejbrxwynvlcuzmaseszgazwfdqpc/Build/Intermediates.noindex/ArchiveIntermediates/MisiCopy/InstallationBuildProductsLocation/Applications/MisiCopy.app (in target 'MisiCopy' from project 'MisiCopy')
    cd /Users/matthieumisiraca/Desktop/MisiCopy
    /bin/chmod -RH u+w,go-w,a+rX /Users/matthieumisiraca/Library/Developer/Xcode/DerivedData/MisiCopy-ejbrxwynvlcuzmaseszgazwfdqpc/Build/Intermediates.noindex/ArchiveIntermediates/MisiCopy/InstallationBuildProductsLocation/Applications/MisiCopy.app

CodeSign /Users/matthieumisiraca/Library/Developer/Xcode/DerivedData/MisiCopy-ejbrxwynvlcuzmaseszgazwfdqpc/Build/Intermediates.noindex/ArchiveIntermediates/MisiCopy/InstallationBuildProductsLocation/Applications/MisiCopy.app (in target 'MisiCopy' from project 'MisiCopy')
    cd /Users/matthieumisiraca/Desktop/MisiCopy
    
    Signing Identity:     "Developer ID Application: matthieu misiraca (SM6L2XLUBA)"
    Provisioning Profile: "MisiCopy Developer ID"
                          (cbebb7fd-de10-4c01-bacc-ef5422e7b563)
    
    /usr/bin/codesign --force --sign C25E7B31B6A5DDD9093266BEA0B1EBB7142DFABD --timestamp --options\=runtime -o runtime --entitlements /Users/matthieumisiraca/Library/Developer/Xcode/DerivedData/MisiCopy-ejbrxwynvlcuzmaseszgazwfdqpc/Build/Intermediates.noindex/ArchiveIntermediates/MisiCopy/IntermediateBuildFilesPath/MisiCopy.build/Release/MisiCopy.build/MisiCopy.app.xcent --requirements \=designated\ \=\>\ anchor\ apple\ generic\ \ and\ identifier\ \"\$self.identifier\"\ and\ \(\(cert\ leaf\[field.1.2.840.113635.100.6.1.9\]\ exists\)\ or\ \(\ certificate\ 1\[field.1.2.840.113635.100.6.2.6\]\ exists\ and\ certificate\ leaf\[field.1.2.840.113635.100.6.1.13\]\ exists\ \ and\ certificate\ leaf\[subject.OU\]\ \=\ \"SM6L2XLUBA\"\ \)\) --generate-entitlement-der /Users/matthieumisiraca/Library/Developer/Xcode/DerivedData/MisiCopy-ejbrxwynvlcuzmaseszgazwfdqpc/Build/Intermediates.noindex/ArchiveIntermediates/MisiCopy/InstallationBuildProductsLocation/Applications/MisiCopy.app

RegisterExecutionPolicyException /Users/matthieumisiraca/Library/Developer/Xcode/DerivedData/MisiCopy-ejbrxwynvlcuzmaseszgazwfdqpc/Build/Intermediates.noindex/ArchiveIntermediates/MisiCopy/InstallationBuildProductsLocation/Applications/MisiCopy.app (in target 'MisiCopy' from project 'MisiCopy')
    cd /Users/matthieumisiraca/Desktop/MisiCopy
    builtin-RegisterExecutionPolicyException /Users/matthieumisiraca/Library/Developer/Xcode/DerivedData/MisiCopy-ejbrxwynvlcuzmaseszgazwfdqpc/Build/Intermediates.noindex/ArchiveIntermediates/MisiCopy/InstallationBuildProductsLocation/Applications/MisiCopy.app

Validate /Users/matthieumisiraca/Library/Developer/Xcode/DerivedData/MisiCopy-ejbrxwynvlcuzmaseszgazwfdqpc/Build/Intermediates.noindex/ArchiveIntermediates/MisiCopy/InstallationBuildProductsLocation/Applications/MisiCopy.app (in target 'MisiCopy' from project 'MisiCopy')
    cd /Users/matthieumisiraca/Desktop/MisiCopy
    builtin-validationUtility /Users/matthieumisiraca/Library/Developer/Xcode/DerivedData/MisiCopy-ejbrxwynvlcuzmaseszgazwfdqpc/Build/Intermediates.noindex/ArchiveIntermediates/MisiCopy/InstallationBuildProductsLocation/Applications/MisiCopy.app -no-validate-extension -infoplist-subpath Contents/Info.plist
warning: No App Category is set for target 'MisiCopy'. Set a category by using the General tab for your target, or by adding an appropriate LSApplicationCategory value to your Info.plist. (in target 'MisiCopy' from project 'MisiCopy')

Touch /Users/matthieumisiraca/Library/Developer/Xcode/DerivedData/MisiCopy-ejbrxwynvlcuzmaseszgazwfdqpc/Build/Intermediates.noindex/ArchiveIntermediates/MisiCopy/InstallationBuildProductsLocation/Applications/MisiCopy.app (in target 'MisiCopy' from project 'MisiCopy')
    cd /Users/matthieumisiraca/Desktop/MisiCopy
    /usr/bin/touch -c /Users/matthieumisiraca/Library/Developer/Xcode/DerivedData/MisiCopy-ejbrxwynvlcuzmaseszgazwfdqpc/Build/Intermediates.noindex/ArchiveIntermediates/MisiCopy/InstallationBuildProductsLocation/Applications/MisiCopy.app

RegisterWithLaunchServices /Users/matthieumisiraca/Library/Developer/Xcode/DerivedData/MisiCopy-ejbrxwynvlcuzmaseszgazwfdqpc/Build/Intermediates.noindex/ArchiveIntermediates/MisiCopy/InstallationBuildProductsLocation/Applications/MisiCopy.app (in target 'MisiCopy' from project 'MisiCopy')
    cd /Users/matthieumisiraca/Desktop/MisiCopy
    /System/Library/Frameworks/CoreServices.framework/Versions/Current/Frameworks/LaunchServices.framework/Versions/Current/Support/lsregister -f -R -trusted /Users/matthieumisiraca/Library/Developer/Xcode/DerivedData/MisiCopy-ejbrxwynvlcuzmaseszgazwfdqpc/Build/Intermediates.noindex/ArchiveIntermediates/MisiCopy/InstallationBuildProductsLocation/Applications/MisiCopy.app

** ARCHIVE SUCCEEDED **

▸ Exporting .app
2026-07-19 22:12:28.313 xcodebuild[5946:223617] [MT] IDEDistribution: -[IDEDistributionLogging _createLoggingBundleAtPath:]: Created bundle at path "/var/folders/r7/l5ng4r3104x_chc_nf5k0zzm0000gn/T/MisiCopy_2026-07-19_22-12-28.313.xcdistributionlogs".
Exported MisiCopy to: /Users/matthieumisiraca/Desktop/MisiCopy/build/export
** EXPORT SUCCEEDED **

▸ Verifying app signature
--prepared:/Users/matthieumisiraca/Desktop/MisiCopy/build/export/MisiCopy.app/Contents/Frameworks/Sparkle.framework/Versions/Current/.
--prepared:/Users/matthieumisiraca/Desktop/MisiCopy/build/export/MisiCopy.app/Contents/Frameworks/Sparkle.framework/Versions/Current/XPCServices/Downloader.xpc
--validated:/Users/matthieumisiraca/Desktop/MisiCopy/build/export/MisiCopy.app/Contents/Frameworks/Sparkle.framework/Versions/Current/XPCServices/Downloader.xpc
--prepared:/Users/matthieumisiraca/Desktop/MisiCopy/build/export/MisiCopy.app/Contents/Frameworks/Sparkle.framework/Versions/Current/Updater.app
--prepared:/Users/matthieumisiraca/Desktop/MisiCopy/build/export/MisiCopy.app/Contents/Frameworks/Sparkle.framework/Versions/Current/XPCServices/Installer.xpc
--validated:/Users/matthieumisiraca/Desktop/MisiCopy/build/export/MisiCopy.app/Contents/Frameworks/Sparkle.framework/Versions/Current/Updater.app
--validated:/Users/matthieumisiraca/Desktop/MisiCopy/build/export/MisiCopy.app/Contents/Frameworks/Sparkle.framework/Versions/Current/XPCServices/Installer.xpc
--prepared:/Users/matthieumisiraca/Desktop/MisiCopy/build/export/MisiCopy.app/Contents/Frameworks/Sparkle.framework/Versions/Current/Autoupdate
--validated:/Users/matthieumisiraca/Desktop/MisiCopy/build/export/MisiCopy.app/Contents/Frameworks/Sparkle.framework/Versions/Current/Autoupdate
--validated:/Users/matthieumisiraca/Desktop/MisiCopy/build/export/MisiCopy.app/Contents/Frameworks/Sparkle.framework/Versions/Current/.
/Users/matthieumisiraca/Desktop/MisiCopy/build/export/MisiCopy.app: valid on disk
/Users/matthieumisiraca/Desktop/MisiCopy/build/export/MisiCopy.app: satisfies its Designated Requirement
/Users/matthieumisiraca/Desktop/MisiCopy/build/export/MisiCopy.app: rejected
source=Unnotarized Developer ID
⚠ Will pass after notarization
▸ Zipping app for notarization
▸ Submitting to Apple notary service (this can take 1-15 min)
Conducting pre-submission checks for MisiCopy.zip and initiating connection to the Apple notary service...
Submission ID received
  id: 19b61e53-c87f-4495-97f7-1b796829445d
Successfully uploaded file
  id: 19b61e53-c87f-4495-97f7-1b796829445d
  path: /Users/matthieumisiraca/Desktop/MisiCopy/build/MisiCopy.zip
Waiting for processing to complete.
Current status: In Progress...Current status: In Progress....Current status: In Progress.....Current status: In Progress......Current status: In Progress.......Current status: Accepted........Processing complete
  id: 19b61e53-c87f-4495-97f7-1b796829445d
  status: Accepted

▸ Stapling notarization ticket to .app
Processing: /Users/matthieumisiraca/Desktop/MisiCopy/build/export/MisiCopy.app
Processing: /Users/matthieumisiraca/Desktop/MisiCopy/build/export/MisiCopy.app
The staple and validate action worked!
Processing: /Users/matthieumisiraca/Desktop/MisiCopy/build/export/MisiCopy.app
The validate action worked!
▸ Building component .pkg
pkgbuild: Adding component at /Users/matthieumisiraca/Desktop/MisiCopy/build/export/MisiCopy.app
pkgbuild: Wrote package to /Users/matthieumisiraca/Desktop/MisiCopy/build/MisiCopy-component.pkg
▸ Building distribution .pkg + signing with Developer ID Installer
productbuild: Using timestamp authority for signature
productbuild: Signing product with identity "Developer ID Installer: matthieu misiraca (SM6L2XLUBA)" from keychain /Users/matthieumisiraca/Library/Keychains/login.keychain-db
productbuild: Adding certificate "Developer ID Certification Authority"
productbuild: Adding certificate "Apple Root CA"
productbuild: Wrote product to /Users/matthieumisiraca/Desktop/MisiCopy/build/MisiCopy-1.10.0.pkg
▸ Submitting PKG to notary service
Conducting pre-submission checks for MisiCopy-1.10.0.pkg and initiating connection to the Apple notary service...
Submission ID received
  id: c8543b26-6ddc-4316-a55d-eddb68aaa853
Successfully uploaded file
  id: c8543b26-6ddc-4316-a55d-eddb68aaa853
  path: /Users/matthieumisiraca/Desktop/MisiCopy/build/MisiCopy-1.10.0.pkg
Waiting for processing to complete.
Current status: In Progress...Current status: In Progress....Current status: In Progress.....Current status: In Progress......Current status: In Progress.......Current status: Accepted........Processing complete
  id: c8543b26-6ddc-4316-a55d-eddb68aaa853
  status: Accepted

▸ Stapling ticket to PKG
Processing: /Users/matthieumisiraca/Desktop/MisiCopy/build/MisiCopy-1.10.0.pkg
Processing: /Users/matthieumisiraca/Desktop/MisiCopy/build/MisiCopy-1.10.0.pkg
The staple and validate action worked!
Processing: /Users/matthieumisiraca/Desktop/MisiCopy/build/MisiCopy-1.10.0.pkg
The validate action worked!
▸ Signing PKG for Sparkle
  ✓ Appcast entry saved to: /Users/matthieumisiraca/Desktop/MisiCopy/build/appcast-entry.xml

✅ Release ready:
   /Users/matthieumisiraca/Desktop/MisiCopy/build/MisiCopy-1.10.0.pkg (3.7M)
   /Users/matthieumisiraca/Desktop/MisiCopy/build/appcast-entry.xml (insert into misicopy/appcast.xml between <language>fr</language> and </channel>)

Next:
  1. Upload /Users/matthieumisiraca/Desktop/MisiCopy/build/MisiCopy-1.10.0.pkg as a GitHub Release asset at:
     https://github.com/misilab/misicopy/releases/new?tag=v1.10.0
  2. Paste the appcast entry into misicopy/appcast.xml on main branch
  3. Push — Sparkle will pick it up within 1h on user Macs
